order_id,product_id,quantity,unit_price,line_total
1,21,4,619.91,2479.64
1,16,1,717.03,717.03
1,8,1,145.73,145.73
2,14,2,685.09,1370.18
3,16,1,717.03,717.03
3,9,5,237.03,1185.15
3,1,2,622.46,1244.92
3,30,2,154.5,309.0
4,3,2,728.44,1456.88
4,12,5,338.56,1692.8
4,28,2,786.06,1572.12
4,26,3,875.26,2625.78
5,18,1,355.82,355.82
5,25,2,859.36,1718.72
5,21,2,619.91,1239.82
5,29,1,760.67,760.67
6,21,5,619.91,3099.55
6,15,2,154.5,309.0
7,12,2,338.56,677.12
8,15,5,154.5,772.5
9,18,2,355.82,711.64
9,1,5,622.46,3112.3
9,28,2,786.06,1572.12
9,19,5,485.62,2428.1
10,10,4,677.37,2709.48
10,21,2,619.91,1239.82
10,26,1,875.26,875.26
10,29,1,760.67,760.67
11,13,4,468.38,1873.52
11,22,1,696.37,696.37
11,3,1,728.44,728.44
11,20,1,618.65,618.65
12,12,2,338.56,677.12
12,26,2,875.26,1750.52
13,4,2,255.61,511.22
13,9,3,237.03,711.09
13,8,4,145.73,582.92
13,6,2,207.11,414.22
14,22,1,696.37,696.37
15,7,2,368.16,736.32
15,2,4,221.56,886.24
16,26,1,875.26,875.26
16,6,2,207.11,414.22
16,25,4,859.36,3437.44
16,21,1,619.91,619.91
17,23,4,118.17,472.68
17,7,5,368.16,1840.8
17,6,4,207.11,828.44
18,21,1,619.91,619.91
18,6,5,207.11,1035.55
19,26,1,875.26,875.26
19,26,1,875.26,875.26
19,14,5,685.09,3425.45
20,25,1,859.36,859.36
20,13,5,468.38,2341.9
21,16,2,717.03,1434.06
22,2,5,221.56,1107.8
22,18,5,355.82,1779.1
23,18,3,355.82,1067.46
23,22,2,696.37,1392.74
23,8,3,145.73,437.19
24,2,3,221.56,664.68
24,2,4,221.56,886.24
25,21,5,619.91,3099.55
25,27,5,466.76,2333.8
25,21,1,619.91,619.91
25,13,1,468.38,468.38
26,20,2,618.65,1237.3
26,15,3,154.5,463.5
26,6,1,207.11,207.11
27,26,4,875.26,3501.04
27,21,5,619.91,3099.55
28,7,1,368.16,368.16
28,19,2,485.62,971.24
28,8,3,145.73,437.19
29,15,3,154.5,463.5
29,29,3,760.67,2282.01
30,7,2,368.16,736.32
30,30,3,154.5,463.5
30,23,5,118.17,590.85
31,25,4,859.36,3437.44
32,22,2,696.37,1392.74
32,19,3,485.62,1456.86
32,30,2,154.5,309.0
33,4,1,255.61,255.61
34,15,3,154.5,463.5
35,29,1,760.67,760.67
35,29,3,760.67,2282.01
36,14,2,685.09,1370.18
36,2,1,221.56,221.56
37,5,2,823.56,1647.12
37,28,2,786.06,1572.12
38,22,3,696.37,2089.11
38,8,4,145.73,582.92
39,27,4,466.76,1867.04
40,11,4,810.08,3240.32
40,4,3,255.61,766.83
41,21,2,619.91,1239.82
42,10,3,677.37,2032.11
43,19,1,485.62,485.62
43,17,1,544.84,544.84
43,10,3,677.37,2032.11
44,21,5,619.91,3099.55
45,20,4,618.65,2474.6
45,3,5,728.44,3642.2
45,10,5,677.37,3386.85
46,16,3,717.03,2151.09
46,28,1,786.06,786.06
47,3,3,728.44,2185.32
47,10,4,677.37,2709.48
48,5,1,823.56,823.56
48,1,3,622.46,1867.38
48,16,5,717.03,3585.15
49,14,3,685.09,2055.27
49,12,5,338.56,1692.8
49,18,2,355.82,711.64
49,20,2,618.65,1237.3
50,17,5,544.84,2724.2
50,18,5,355.82,1779.1
51,21,3,619.91,1859.73
52,17,4,544.84,2179.36
52,29,4,760.67,3042.68
52,14,4,685.09,2740.36
53,26,1,875.26,875.26
53,17,3,544.84,1634.52
54,27,3,466.76,1400.28
54,11,2,810.08,1620.16
55,8,2,145.73,291.46
56,29,5,760.67,3803.35
56,13,2,468.38,936.76
56,3,4,728.44,2913.76
56,14,4,685.09,2740.36
57,26,1,875.26,875.26
58,26,1,875.26,875.26
58,29,5,760.67,3803.35
58,11,2,810.08,1620.16
58,18,1,355.82,355.82
59,21,4,619.91,2479.64
59,18,5,355.82,1779.1
59,14,5,685.09,3425.45
60,15,4,154.5,618.0
60,24,3,159.18,477.54
60,4,2,255.61,511.22
60,20,3,618.65,1855.95
61,25,3,859.36,2578.08
61,22,4,696.37,2785.48
62,2,3,221.56,664.68
62,11,3,810.08,2430.24
62,7,5,368.16,1840.8
63,30,4,154.5,618.0
63,1,2,622.46,1244.92
64,9,3,237.03,711.09
64,4,5,255.61,1278.05
64,12,4,338.56,1354.24
64,19,4,485.62,1942.48
65,9,5,237.03,1185.15
65,19,1,485.62,485.62
65,30,5,154.5,772.5
65,2,4,221.56,886.24
66,16,4,717.03,2868.12
66,10,4,677.37,2709.48
66,2,5,221.56,1107.8
67,25,3,859.36,2578.08
67,7,4,368.16,1472.64
68,21,4,619.91,2479.64
68,28,2,786.06,1572.12
68,1,4,622.46,2489.84
69,3,1,728.44,728.44
70,6,1,207.11,207.11
70,2,3,221.56,664.68
71,14,3,685.09,2055.27
71,17,3,544.84,1634.52
71,28,4,786.06,3144.24
71,18,3,355.82,1067.46
72,13,1,468.38,468.38
72,12,5,338.56,1692.8
72,22,1,696.37,696.37
72,9,3,237.03,711.09
73,8,1,145.73,145.73
74,20,2,618.65,1237.3
74,16,2,717.03,1434.06
75,13,4,468.38,1873.52
75,22,3,696.37,2089.11
76,27,2,466.76,933.52
77,21,3,619.91,1859.73
78,17,1,544.84,544.84
78,6,5,207.11,1035.55
79,15,5,154.5,772.5
79,15,1,154.5,154.5
79,22,5,696.37,3481.85
80,8,3,145.73,437.19
80,20,1,618.65,618.65
80,14,5,685.09,3425.45
80,13,3,468.38,1405.14
81,18,4,355.82,1423.28
82,17,4,544.84,2179.36
82,12,2,338.56,677.12
83,3,4,728.44,2913.76
83,12,4,338.56,1354.24
83,22,5,696.37,3481.85
83,22,3,696.37,2089.11
84,26,4,875.26,3501.04
84,26,2,875.26,1750.52
84,27,4,466.76,1867.04
85,2,4,221.56,886.24
86,1,3,622.46,1867.38
86,10,3,677.37,2032.11
87,29,5,760.67,3803.35
87,14,1,685.09,685.09
87,10,5,677.37,3386.85
88,18,4,355.82,1423.28
88,4,5,255.61,1278.05
88,15,2,154.5,309.0
88,18,4,355.82,1423.28
89,28,3,786.06,2358.18
90,15,3,154.5,463.5
90,18,5,355.82,1779.1
91,5,4,823.56,3294.24
91,23,5,118.17,590.85
91,7,3,368.16,1104.48
92,18,3,355.82,1067.46
92,22,2,696.37,1392.74
92,7,1,368.16,368.16
93,6,2,207.11,414.22
93,21,2,619.91,1239.82
94,22,1,696.37,696.37
94,24,2,159.18,318.36
94,8,3,145.73,437.19
95,17,1,544.84,544.84
95,25,5,859.36,4296.8
95,4,2,255.61,511.22
96,24,2,159.18,318.36
96,14,4,685.09,2740.36
96,29,1,760.67,760.67
97,24,4,159.18,636.72
97,4,3,255.61,766.83
97,12,2,338.56,677.12
97,30,1,154.5,154.5
98,23,4,118.17,472.68
99,15,2,154.5,309.0
100,25,1,859.36,859.36
100,23,5,118.17,590.85
101,12,4,338.56,1354.24
101,26,4,875.26,3501.04
101,26,3,875.26,2625.78
101,11,5,810.08,4050.4
102,16,5,717.03,3585.15
103,30,3,154.5,463.5
103,4,1,255.61,255.61
104,30,2,154.5,309.0
105,11,3,810.08,2430.24
105,8,1,145.73,145.73
105,12,2,338.56,677.12
105,24,3,159.18,477.54
106,4,3,255.61,766.83
106,14,5,685.09,3425.45
107,21,2,619.91,1239.82
107,5,3,823.56,2470.68
108,30,3,154.5,463.5
108,24,5,159.18,795.9
109,18,4,355.82,1423.28
110,30,4,154.5,618.0
110,10,1,677.37,677.37
110,10,5,677.37,3386.85
110,11,1,810.08,810.08
111,1,1,622.46,622.46
111,28,1,786.06,786.06
111,14,2,685.09,1370.18
112,1,5,622.46,3112.3
112,24,1,159.18,159.18
112,23,2,118.17,236.34
113,13,3,468.38,1405.14
113,22,2,696.37,1392.74
113,1,5,622.46,3112.3
113,9,4,237.03,948.12
114,5,4,823.56,3294.24
114,4,3,255.61,766.83
114,5,3,823.56,2470.68
115,10,4,677.37,2709.48
115,12,3,338.56,1015.68
115,11,4,810.08,3240.32
115,8,5,145.73,728.65
116,19,3,485.62,1456.86
116,3,3,728.44,2185.32
116,7,1,368.16,368.16
117,16,4,717.03,2868.12
117,17,1,544.84,544.84
117,11,2,810.08,1620.16
117,9,5,237.03,1185.15
118,1,1,622.46,622.46
118,9,2,237.03,474.06
118,13,3,468.38,1405.14
118,17,5,544.84,2724.2
119,8,1,145.73,145.73
119,11,1,810.08,810.08
119,16,5,717.03,3585.15
119,14,2,685.09,1370.18
120,10,5,677.37,3386.85
121,25,4,859.36,3437.44
122,1,5,622.46,3112.3
122,19,3,485.62,1456.86
122,7,4,368.16,1472.64
123,17,5,544.84,2724.2
123,14,2,685.09,1370.18
123,28,4,786.06,3144.24
123,18,2,355.82,711.64
124,9,1,237.03,237.03
124,18,3,355.82,1067.46
125,21,1,619.91,619.91
125,19,3,485.62,1456.86
125,2,3,221.56,664.68
126,25,5,859.36,4296.8
126,2,4,221.56,886.24
126,19,3,485.62,1456.86
126,18,3,355.82,1067.46
127,27,2,466.76,933.52
127,4,2,255.61,511.22
127,5,5,823.56,4117.8
128,23,3,118.17,354.51
129,16,4,717.03,2868.12
129,16,1,717.03,717.03
130,13,1,468.38,468.38
130,29,4,760.67,3042.68
130,26,1,875.26,875.26
131,15,4,154.5,618.0
131,29,2,760.67,1521.34
132,26,5,875.26,4376.3
132,24,4,159.18,636.72
132,29,1,760.67,760.67
133,29,5,760.67,3803.35
133,15,1,154.5,154.5
133,26,5,875.26,4376.3
133,23,1,118.17,118.17
134,7,4,368.16,1472.64
135,23,3,118.17,354.51
135,26,1,875.26,875.26
136,21,3,619.91,1859.73
136,22,3,696.37,2089.11
136,15,4,154.5,618.0
137,28,5,786.06,3930.3
137,9,2,237.03,474.06
137,9,2,237.03,474.06
137,30,2,154.5,309.0
138,22,4,696.37,2785.48
138,17,5,544.84,2724.2
139,1,4,622.46,2489.84
139,11,3,810.08,2430.24
139,28,1,786.06,786.06
140,29,1,760.67,760.67
140,25,4,859.36,3437.44
141,30,3,154.5,463.5
141,6,4,207.11,828.44
141,9,3,237.03,711.09
141,6,2,207.11,414.22
142,26,4,875.26,3501.04
142,4,5,255.61,1278.05
143,11,1,810.08,810.08
143,14,4,685.09,2740.36
143,6,3,207.11,621.33
144,24,3,159.18,477.54
144,22,2,696.37,1392.74
144,13,5,468.38,2341.9
144,19,3,485.62,1456.86
145,27,2,466.76,933.52
145,12,1,338.56,338.56
145,12,1,338.56,338.56
146,9,2,237.03,474.06
146,19,1,485.62,485.62
146,29,3,760.67,2282.01
147,10,2,677.37,1354.74
147,4,5,255.61,1278.05
148,24,3,159.18,477.54
148,26,4,875.26,3501.04
149,22,1,696.37,696.37
149,18,2,355.82,711.64
149,5,2,823.56,1647.12
149,23,4,118.17,472.68
150,25,1,859.36,859.36
150,27,3,466.76,1400.28
150,10,5,677.37,3386.85
150,5,1,823.56,823.56
151,30,5,154.5,772.5
151,13,4,468.38,1873.52
151,24,3,159.18,477.54
152,8,5,145.73,728.65
153,27,1,466.76,466.76
153,25,4,859.36,3437.44
154,8,1,145.73,145.73
154,24,1,159.18,159.18
155,8,2,145.73,291.46
156,16,3,717.03,2151.09
156,28,5,786.06,3930.3
156,22,4,696.37,2785.48
156,30,5,154.5,772.5
157,28,4,786.06,3144.24
158,5,3,823.56,2470.68
159,16,3,717.03,2151.09
159,6,1,207.11,207.11
160,2,3,221.56,664.68
160,28,2,786.06,1572.12
160,16,1,717.03,717.03
160,8,4,145.73,582.92
161,3,1,728.44,728.44
162,27,1,466.76,466.76
162,21,5,619.91,3099.55
163,6,2,207.11,414.22
163,18,5,355.82,1779.1
163,10,1,677.37,677.37
164,22,2,696.37,1392.74
164,2,1,221.56,221.56
164,8,1,145.73,145.73
165,14,5,685.09,3425.45
165,10,3,677.37,2032.11
166,18,2,355.82,711.64
167,15,4,154.5,618.0
168,4,4,255.61,1022.44
169,7,5,368.16,1840.8
170,2,1,221.56,221.56
171,27,4,466.76,1867.04
172,10,5,677.37,3386.85
172,14,2,685.09,1370.18
172,8,1,145.73,145.73
173,13,4,468.38,1873.52
173,23,5,118.17,590.85
173,2,5,221.56,1107.8
174,15,1,154.5,154.5
174,13,1,468.38,468.38
174,13,5,468.38,2341.9
174,17,2,544.84,1089.68
175,11,3,810.08,2430.24
175,8,4,145.73,582.92
175,23,4,118.17,472.68
175,14,4,685.09,2740.36
176,29,3,760.67,2282.01
176,3,3,728.44,2185.32
176,18,2,355.82,711.64
177,17,1,544.84,544.84
178,6,2,207.11,414.22
178,30,5,154.5,772.5
178,7,1,368.16,368.16
179,5,4,823.56,3294.24
180,16,3,717.03,2151.09
181,27,5,466.76,2333.8
182,13,2,468.38,936.76
182,18,1,355.82,355.82
182,7,3,368.16,1104.48
182,23,5,118.17,590.85
183,11,4,810.08,3240.32
183,30,5,154.5,772.5
184,12,1,338.56,338.56
184,27,2,466.76,933.52
184,8,3,145.73,437.19
185,13,2,468.38,936.76
186,10,1,677.37,677.37
186,15,1,154.5,154.5
187,29,4,760.67,3042.68
187,5,3,823.56,2470.68
187,27,2,466.76,933.52
187,27,3,466.76,1400.28
188,16,1,717.03,717.03
189,27,1,466.76,466.76
190,15,4,154.5,618.0
190,4,5,255.61,1278.05
190,19,4,485.62,1942.48
190,11,4,810.08,3240.32
191,27,3,466.76,1400.28
192,20,5,618.65,3093.25
192,21,3,619.91,1859.73
192,15,1,154.5,154.5
192,24,2,159.18,318.36
193,12,3,338.56,1015.68
193,20,2,618.65,1237.3
194,30,1,154.5,154.5
194,15,1,154.5,154.5
194,23,4,118.17,472.68
195,5,5,823.56,4117.8
195,6,2,207.11,414.22
195,8,5,145.73,728.65
195,19,5,485.62,2428.1
196,30,4,154.5,618.0
197,26,5,875.26,4376.3
197,13,4,468.38,1873.52
197,23,5,118.17,590.85
198,3,4,728.44,2913.76
199,12,3,338.56,1015.68
199,29,1,760.67,760.67
199,30,4,154.5,618.0
199,28,1,786.06,786.06
200,4,5,255.61,1278.05
200,15,1,154.5,154.5
200,22,4,696.37,2785.48
200,5,3,823.56,2470.68
201,6,1,207.11,207.11
201,3,5,728.44,3642.2
202,15,3,154.5,463.5
202,16,2,717.03,1434.06
202,8,2,145.73,291.46
203,17,2,544.84,1089.68
203,28,5,786.06,3930.3
204,4,4,255.61,1022.44
204,21,5,619.91,3099.55
204,24,5,159.18,795.9
204,11,4,810.08,3240.32
205,15,2,154.5,309.0
205,30,4,154.5,618.0
205,30,1,154.5,154.5
206,26,3,875.26,2625.78
206,2,5,221.56,1107.8
206,29,1,760.67,760.67
207,5,4,823.56,3294.24
207,4,4,255.61,1022.44
207,7,1,368.16,368.16
208,29,1,760.67,760.67
209,20,5,618.65,3093.25
209,15,5,154.5,772.5
209,27,1,466.76,466.76
209,11,4,810.08,3240.32
210,22,5,696.37,3481.85
210,3,2,728.44,1456.88
210,13,1,468.38,468.38
210,20,4,618.65,2474.6
211,24,5,159.18,795.9
212,3,4,728.44,2913.76
212,2,5,221.56,1107.8
212,28,5,786.06,3930.3
212,14,5,685.09,3425.45
213,22,4,696.37,2785.48
213,6,4,207.11,828.44
213,21,3,619.91,1859.73
214,12,1,338.56,338.56
214,19,3,485.62,1456.86
214,26,1,875.26,875.26
215,27,5,466.76,2333.8
215,6,2,207.11,414.22
215,10,3,677.37,2032.11
216,23,4,118.17,472.68
216,1,2,622.46,1244.92
216,16,5,717.03,3585.15
217,12,3,338.56,1015.68
217,30,2,154.5,309.0
217,15,5,154.5,772.5
217,9,1,237.03,237.03
218,12,3,338.56,1015.68
219,18,4,355.82,1423.28
219,3,2,728.44,1456.88
219,22,2,696.37,1392.74
220,12,1,338.56,338.56
220,30,5,154.5,772.5
220,22,5,696.37,3481.85
221,15,5,154.5,772.5
221,29,2,760.67,1521.34
221,23,5,118.17,590.85
222,20,5,618.65,3093.25
222,22,2,696.37,1392.74
223,15,2,154.5,309.0
223,5,4,823.56,3294.24
223,24,5,159.18,795.9
224,22,3,696.37,2089.11
224,9,4,237.03,948.12
225,8,4,145.73,582.92
225,19,3,485.62,1456.86
225,8,4,145.73,582.92
225,24,5,159.18,795.9
226,6,5,207.11,1035.55
226,2,2,221.56,443.12
227,15,3,154.5,463.5
227,3,5,728.44,3642.2
227,24,1,159.18,159.18
227,3,5,728.44,3642.2
228,2,3,221.56,664.68
228,28,4,786.06,3144.24
229,29,2,760.67,1521.34
230,21,1,619.91,619.91
230,21,4,619.91,2479.64
230,21,5,619.91,3099.55
230,5,3,823.56,2470.68
231,25,2,859.36,1718.72
231,16,1,717.03,717.03
231,28,3,786.06,2358.18
232,23,1,118.17,118.17
232,25,3,859.36,2578.08
233,22,4,696.37,2785.48
233,19,5,485.62,2428.1
233,2,1,221.56,221.56
233,19,1,485.62,485.62
234,15,5,154.5,772.5
234,22,5,696.37,3481.85
235,27,2,466.76,933.52
235,19,3,485.62,1456.86
235,7,1,368.16,368.16
236,12,1,338.56,338.56
236,22,1,696.37,696.37
236,10,4,677.37,2709.48
236,27,5,466.76,2333.8
237,22,2,696.37,1392.74
237,10,3,677.37,2032.11
238,3,2,728.44,1456.88
238,16,5,717.03,3585.15
238,29,4,760.67,3042.68
239,1,1,622.46,622.46
239,22,5,696.37,3481.85
239,25,5,859.36,4296.8
240,28,4,786.06,3144.24
241,4,3,255.61,766.83
241,18,3,355.82,1067.46
241,19,1,485.62,485.62
241,17,3,544.84,1634.52
242,27,5,466.76,2333.8
243,4,5,255.61,1278.05
243,4,3,255.61,766.83
243,7,2,368.16,736.32
244,18,2,355.82,711.64
244,24,1,159.18,159.18
245,10,1,677.37,677.37
245,1,2,622.46,1244.92
246,7,5,368.16,1840.8
246,14,4,685.09,2740.36
246,27,3,466.76,1400.28
246,17,1,544.84,544.84
247,15,3,154.5,463.5
248,15,4,154.5,618.0
248,19,4,485.62,1942.48
248,30,4,154.5,618.0
248,2,3,221.56,664.68
249,19,3,485.62,1456.86
249,24,5,159.18,795.9
249,12,3,338.56,1015.68
249,28,1,786.06,786.06
250,30,5,154.5,772.5
250,9,3,237.03,711.09
251,25,3,859.36,2578.08
251,28,3,786.06,2358.18
251,15,4,154.5,618.0
252,27,3,466.76,1400.28
252,12,4,338.56,1354.24
252,16,1,717.03,717.03
252,12,3,338.56,1015.68
253,30,1,154.5,154.5
254,15,1,154.5,154.5
254,13,2,468.38,936.76
255,11,1,810.08,810.08
255,23,2,118.17,236.34
256,25,5,859.36,4296.8
257,10,4,677.37,2709.48
257,4,1,255.61,255.61
257,17,5,544.84,2724.2
258,2,3,221.56,664.68
258,11,2,810.08,1620.16
258,26,1,875.26,875.26
259,8,5,145.73,728.65
259,16,1,717.03,717.03
259,2,3,221.56,664.68
259,1,3,622.46,1867.38
260,19,4,485.62,1942.48
260,30,2,154.5,309.0
260,20,1,618.65,618.65
261,12,4,338.56,1354.24
261,21,1,619.91,619.91
262,18,5,355.82,1779.1
263,13,2,468.38,936.76
263,4,3,255.61,766.83
264,27,2,466.76,933.52
264,3,2,728.44,1456.88
265,4,4,255.61,1022.44
265,16,5,717.03,3585.15
265,20,2,618.65,1237.3
266,17,4,544.84,2179.36
266,5,4,823.56,3294.24
266,1,5,622.46,3112.3
267,11,2,810.08,1620.16
268,4,5,255.61,1278.05
268,9,3,237.03,711.09
268,10,2,677.37,1354.74
268,2,5,221.56,1107.8
269,30,5,154.5,772.5
269,28,1,786.06,786.06
269,5,1,823.56,823.56
269,5,5,823.56,4117.8
270,9,3,237.03,711.09
270,28,2,786.06,1572.12
271,27,3,466.76,1400.28
272,6,5,207.11,1035.55
272,11,5,810.08,4050.4
272,6,1,207.11,207.11
273,5,2,823.56,1647.12
273,17,5,544.84,2724.2
274,10,1,677.37,677.37
275,16,2,717.03,1434.06
275,6,5,207.11,1035.55
275,2,4,221.56,886.24
276,6,3,207.11,621.33
276,30,4,154.5,618.0
276,20,2,618.65,1237.3
277,17,1,544.84,544.84
278,3,4,728.44,2913.76
278,20,2,618.65,1237.3
278,28,3,786.06,2358.18
278,21,5,619.91,3099.55
279,25,3,859.36,2578.08
279,29,4,760.67,3042.68
279,22,2,696.37,1392.74
280,27,3,466.76,1400.28
281,6,4,207.11,828.44
281,8,2,145.73,291.46
281,2,2,221.56,443.12
282,10,5,677.37,3386.85
282,26,4,875.26,3501.04
282,20,2,618.65,1237.3
282,10,2,677.37,1354.74
283,7,4,368.16,1472.64
283,17,5,544.84,2724.2
284,22,1,696.37,696.37
284,24,1,159.18,159.18
284,12,4,338.56,1354.24
284,22,5,696.37,3481.85
285,9,1,237.03,237.03
285,15,1,154.5,154.5
285,15,3,154.5,463.5
286,5,1,823.56,823.56
287,2,4,221.56,886.24
287,6,3,207.11,621.33
287,7,1,368.16,368.16
288,29,3,760.67,2282.01
288,27,5,466.76,2333.8
289,28,5,786.06,3930.3
289,21,3,619.91,1859.73
289,21,5,619.91,3099.55
289,23,5,118.17,590.85
290,6,3,207.11,621.33
290,26,3,875.26,2625.78
290,20,5,618.65,3093.25
290,5,3,823.56,2470.68
291,2,5,221.56,1107.8
291,7,1,368.16,368.16
291,9,1,237.03,237.03
291,17,1,544.84,544.84
292,6,2,207.11,414.22
292,18,5,355.82,1779.1
292,24,5,159.18,795.9
292,1,2,622.46,1244.92
293,29,5,760.67,3803.35
293,12,3,338.56,1015.68
293,7,5,368.16,1840.8
293,5,3,823.56,2470.68
294,24,5,159.18,795.9
294,10,3,677.37,2032.11
294,25,4,859.36,3437.44
294,5,1,823.56,823.56
295,14,4,685.09,2740.36
296,12,5,338.56,1692.8
297,6,1,207.11,207.11
297,27,5,466.76,2333.8
298,9,2,237.03,474.06
298,3,2,728.44,1456.88
298,17,1,544.84,544.84
298,29,5,760.67,3803.35
299,2,3,221.56,664.68
299,11,4,810.08,3240.32
299,18,2,355.82,711.64
299,30,4,154.5,618.0
300,13,1,468.38,468.38
300,26,2,875.26,1750.52
300,8,5,145.73,728.65
300,9,2,237.03,474.06
301,29,5,760.67,3803.35
301,10,4,677.37,2709.48
301,7,3,368.16,1104.48
301,20,2,618.65,1237.3
302,6,3,207.11,621.33
302,4,5,255.61,1278.05
302,1,4,622.46,2489.84
303,18,2,355.82,711.64
303,11,3,810.08,2430.24
303,27,3,466.76,1400.28
304,30,3,154.5,463.5
304,26,5,875.26,4376.3
304,6,3,207.11,621.33
304,29,3,760.67,2282.01
305,19,2,485.62,971.24
305,28,3,786.06,2358.18
305,5,1,823.56,823.56
306,24,3,159.18,477.54
306,20,4,618.65,2474.6
306,1,2,622.46,1244.92
306,6,2,207.11,414.22
307,9,2,237.03,474.06
307,12,1,338.56,338.56
307,30,5,154.5,772.5
308,27,5,466.76,2333.8
309,20,4,618.65,2474.6
310,22,1,696.37,696.37
310,22,5,696.37,3481.85
311,6,4,207.11,828.44
311,6,2,207.11,414.22
311,3,3,728.44,2185.32
311,14,3,685.09,2055.27
312,20,5,618.65,3093.25
312,28,1,786.06,786.06
313,20,4,618.65,2474.6
314,15,1,154.5,154.5
314,6,1,207.11,207.11
314,1,3,622.46,1867.38
315,27,4,466.76,1867.04
315,28,5,786.06,3930.3
315,26,5,875.26,4376.3
316,13,3,468.38,1405.14
316,18,2,355.82,711.64
316,3,1,728.44,728.44
316,22,3,696.37,2089.11
317,1,2,622.46,1244.92
317,27,1,466.76,466.76
317,27,3,466.76,1400.28
318,4,4,255.61,1022.44
318,28,5,786.06,3930.3
318,15,3,154.5,463.5
318,3,1,728.44,728.44
319,15,4,154.5,618.0
319,13,3,468.38,1405.14
320,17,2,544.84,1089.68
320,29,4,760.67,3042.68
320,17,3,544.84,1634.52
320,8,3,145.73,437.19
321,26,2,875.26,1750.52
321,23,1,118.17,118.17
321,12,1,338.56,338.56
322,15,5,154.5,772.5
322,13,3,468.38,1405.14
322,10,1,677.37,677.37
322,3,3,728.44,2185.32
323,29,4,760.67,3042.68
323,13,2,468.38,936.76
324,25,5,859.36,4296.8
324,25,2,859.36,1718.72
324,13,2,468.38,936.76
324,9,5,237.03,1185.15
325,26,1,875.26,875.26
325,12,5,338.56,1692.8
325,21,1,619.91,619.91
326,14,2,685.09,1370.18
326,20,3,618.65,1855.95
327,12,5,338.56,1692.8
327,24,4,159.18,636.72
328,8,4,145.73,582.92
329,17,5,544.84,2724.2
329,27,1,466.76,466.76
329,3,5,728.44,3642.2
329,18,4,355.82,1423.28
330,5,1,823.56,823.56
330,1,2,622.46,1244.92
330,6,5,207.11,1035.55
331,21,1,619.91,619.91
331,6,5,207.11,1035.55
331,6,1,207.11,207.11
332,9,4,237.03,948.12
332,4,2,255.61,511.22
332,12,2,338.56,677.12
333,24,4,159.18,636.72
333,13,4,468.38,1873.52
333,13,1,468.38,468.38
333,13,5,468.38,2341.9
334,5,5,823.56,4117.8
334,9,4,237.03,948.12
335,1,1,622.46,622.46
335,7,1,368.16,368.16
336,26,5,875.26,4376.3
336,9,4,237.03,948.12
336,24,2,159.18,318.36
336,26,2,875.26,1750.52
337,12,2,338.56,677.12
337,27,1,466.76,466.76
337,28,1,786.06,786.06
338,24,1,159.18,159.18
338,2,1,221.56,221.56
339,14,2,685.09,1370.18
340,25,5,859.36,4296.8
340,12,2,338.56,677.12
341,1,2,622.46,1244.92
341,4,5,255.61,1278.05
341,5,3,823.56,2470.68
342,25,2,859.36,1718.72
342,24,5,159.18,795.9
342,6,2,207.11,414.22
343,27,5,466.76,2333.8
344,4,5,255.61,1278.05
344,22,4,696.37,2785.48
344,10,1,677.37,677.37
344,22,3,696.37,2089.11
345,13,4,468.38,1873.52
345,25,2,859.36,1718.72
345,22,3,696.37,2089.11
345,13,4,468.38,1873.52
346,15,3,154.5,463.5
346,4,2,255.61,511.22
347,29,4,760.67,3042.68
347,6,5,207.11,1035.55
347,27,5,466.76,2333.8
347,23,2,118.17,236.34
348,23,3,118.17,354.51
348,19,1,485.62,485.62
349,8,1,145.73,145.73
349,3,3,728.44,2185.32
350,23,5,118.17,590.85
350,15,5,154.5,772.5
351,21,3,619.91,1859.73
351,14,1,685.09,685.09
351,25,2,859.36,1718.72
352,22,2,696.37,1392.74
352,9,5,237.03,1185.15
352,25,2,859.36,1718.72
352,28,4,786.06,3144.24
353,27,4,466.76,1867.04
353,9,5,237.03,1185.15
353,9,3,237.03,711.09
353,9,3,237.03,711.09
354,23,4,118.17,472.68
354,27,1,466.76,466.76
354,23,4,118.17,472.68
354,6,3,207.11,621.33
355,26,1,875.26,875.26
355,11,5,810.08,4050.4
355,27,2,466.76,933.52
355,6,2,207.11,414.22
356,18,3,355.82,1067.46
356,15,2,154.5,309.0
356,17,2,544.84,1089.68
356,9,3,237.03,711.09
357,10,4,677.37,2709.48
357,19,5,485.62,2428.1
358,15,4,154.5,618.0
358,15,2,154.5,309.0
358,27,3,466.76,1400.28
358,9,2,237.03,474.06
359,9,5,237.03,1185.15
360,23,1,118.17,118.17
361,30,1,154.5,154.5
361,13,2,468.38,936.76
362,26,3,875.26,2625.78
362,14,1,685.09,685.09
362,1,5,622.46,3112.3
362,16,5,717.03,3585.15
363,25,5,859.36,4296.8
364,9,5,237.03,1185.15
365,25,2,859.36,1718.72
365,15,1,154.5,154.5
365,24,1,159.18,159.18
365,28,5,786.06,3930.3
366,26,3,875.26,2625.78
366,23,3,118.17,354.51
366,14,4,685.09,2740.36
367,27,5,466.76,2333.8
367,18,2,355.82,711.64
367,11,2,810.08,1620.16
367,23,3,118.17,354.51
368,18,4,355.82,1423.28
368,17,4,544.84,2179.36
368,5,5,823.56,4117.8
368,8,4,145.73,582.92
369,2,1,221.56,221.56
369,29,4,760.67,3042.68
370,23,5,118.17,590.85
371,3,3,728.44,2185.32
371,20,1,618.65,618.65
371,21,1,619.91,619.91
371,2,3,221.56,664.68
372,4,1,255.61,255.61
372,13,2,468.38,936.76
372,9,5,237.03,1185.15
373,24,2,159.18,318.36
373,10,5,677.37,3386.85
373,19,2,485.62,971.24
374,9,4,237.03,948.12
374,17,2,544.84,1089.68
374,14,1,685.09,685.09
375,20,4,618.65,2474.6
376,15,3,154.5,463.5
376,20,1,618.65,618.65
376,19,3,485.62,1456.86
376,12,4,338.56,1354.24
377,4,4,255.61,1022.44
377,8,2,145.73,291.46
377,25,5,859.36,4296.8
377,4,4,255.61,1022.44
378,13,1,468.38,468.38
379,18,4,355.82,1423.28
379,5,3,823.56,2470.68
380,24,3,159.18,477.54
381,4,2,255.61,511.22
382,3,5,728.44,3642.2
382,6,5,207.11,1035.55
382,25,5,859.36,4296.8
382,29,4,760.67,3042.68
383,30,5,154.5,772.5
383,11,1,810.08,810.08
383,28,5,786.06,3930.3
384,24,3,159.18,477.54
385,29,5,760.67,3803.35
385,28,5,786.06,3930.3
386,22,3,696.37,2089.11
386,19,3,485.62,1456.86
387,1,2,622.46,1244.92
388,16,4,717.03,2868.12
388,8,1,145.73,145.73
388,11,3,810.08,2430.24
389,17,5,544.84,2724.2
389,14,5,685.09,3425.45
389,19,2,485.62,971.24
389,10,4,677.37,2709.48
390,22,4,696.37,2785.48
391,28,3,786.06,2358.18
391,10,4,677.37,2709.48
391,15,5,154.5,772.5
391,25,2,859.36,1718.72
392,10,4,677.37,2709.48
392,27,3,466.76,1400.28
393,9,4,237.03,948.12
393,29,5,760.67,3803.35
393,8,2,145.73,291.46
394,30,3,154.5,463.5
394,10,1,677.37,677.37
394,13,5,468.38,2341.9
394,2,2,221.56,443.12
395,2,4,221.56,886.24
396,17,4,544.84,2179.36
397,22,2,696.37,1392.74
397,14,3,685.09,2055.27
397,14,2,685.09,1370.18
398,27,5,466.76,2333.8
398,15,4,154.5,618.0
398,21,5,619.91,3099.55
398,13,4,468.38,1873.52
399,29,5,760.67,3803.35
399,30,1,154.5,154.5
399,10,3,677.37,2032.11
399,28,5,786.06,3930.3
400,6,3,207.11,621.33
400,10,2,677.37,1354.74
401,2,3,221.56,664.68
401,26,4,875.26,3501.04
401,22,1,696.37,696.37
401,7,1,368.16,368.16
402,5,4,823.56,3294.24
402,8,3,145.73,437.19
403,5,3,823.56,2470.68
403,9,1,237.03,237.03
404,23,1,118.17,118.17
404,5,1,823.56,823.56
404,9,2,237.03,474.06
404,9,3,237.03,711.09
405,17,5,544.84,2724.2
405,26,4,875.26,3501.04
406,8,4,145.73,582.92
406,6,3,207.11,621.33
406,22,1,696.37,696.37
406,27,3,466.76,1400.28
407,26,1,875.26,875.26
407,3,2,728.44,1456.88
407,15,2,154.5,309.0
408,13,3,468.38,1405.14
408,14,5,685.09,3425.45
409,9,2,237.03,474.06
409,10,2,677.37,1354.74
409,4,4,255.61,1022.44
409,8,4,145.73,582.92
410,28,4,786.06,3144.24
410,12,1,338.56,338.56
410,6,2,207.11,414.22
410,18,2,355.82,711.64
411,7,5,368.16,1840.8
412,22,4,696.37,2785.48
412,21,1,619.91,619.91
413,30,5,154.5,772.5
413,5,4,823.56,3294.24
413,10,5,677.37,3386.85
414,9,4,237.03,948.12
414,10,5,677.37,3386.85
414,2,2,221.56,443.12
415,16,3,717.03,2151.09
415,8,1,145.73,145.73
416,13,3,468.38,1405.14
416,9,2,237.03,474.06
417,19,5,485.62,2428.1
417,16,4,717.03,2868.12
418,27,5,466.76,2333.8
418,1,2,622.46,1244.92
419,9,3,237.03,711.09
419,12,4,338.56,1354.24
420,12,4,338.56,1354.24
421,16,4,717.03,2868.12
421,25,4,859.36,3437.44
421,27,4,466.76,1867.04
421,26,4,875.26,3501.04
422,30,2,154.5,309.0
423,8,5,145.73,728.65
423,27,3,466.76,1400.28
424,5,5,823.56,4117.8
424,9,5,237.03,1185.15
424,8,1,145.73,145.73
424,19,5,485.62,2428.1
425,29,5,760.67,3803.35
425,18,1,355.82,355.82
425,27,4,466.76,1867.04
426,11,2,810.08,1620.16
427,9,3,237.03,711.09
427,2,1,221.56,221.56
427,1,4,622.46,2489.84
428,13,5,468.38,2341.9
428,16,4,717.03,2868.12
428,11,2,810.08,1620.16
429,23,1,118.17,118.17
429,24,5,159.18,795.9
430,22,3,696.37,2089.11
430,7,3,368.16,1104.48
431,10,2,677.37,1354.74
432,6,2,207.11,414.22
432,17,2,544.84,1089.68
433,18,4,355.82,1423.28
433,12,2,338.56,677.12
433,18,5,355.82,1779.1
433,10,3,677.37,2032.11
434,25,1,859.36,859.36
435,16,3,717.03,2151.09
435,26,4,875.26,3501.04
435,13,4,468.38,1873.52
436,10,4,677.37,2709.48
437,27,2,466.76,933.52
437,8,4,145.73,582.92
437,27,2,466.76,933.52
437,30,4,154.5,618.0
438,11,5,810.08,4050.4
438,6,5,207.11,1035.55
438,13,2,468.38,936.76
439,12,1,338.56,338.56
440,10,2,677.37,1354.74
441,9,2,237.03,474.06
441,2,2,221.56,443.12
441,10,3,677.37,2032.11
441,17,2,544.84,1089.68
442,3,3,728.44,2185.32
442,6,1,207.11,207.11
442,13,3,468.38,1405.14
443,24,2,159.18,318.36
443,10,4,677.37,2709.48
443,7,1,368.16,368.16
444,4,1,255.61,255.61
444,8,2,145.73,291.46
444,15,5,154.5,772.5
444,16,2,717.03,1434.06
445,11,3,810.08,2430.24
446,7,4,368.16,1472.64
446,12,1,338.56,338.56
447,25,1,859.36,859.36
448,24,4,159.18,636.72
448,9,2,237.03,474.06
449,27,5,466.76,2333.8
450,11,2,810.08,1620.16
450,14,4,685.09,2740.36
451,19,1,485.62,485.62
452,25,3,859.36,2578.08
452,2,4,221.56,886.24
452,4,3,255.61,766.83
452,16,2,717.03,1434.06
453,23,2,118.17,236.34
454,7,3,368.16,1104.48
455,30,4,154.5,618.0
455,24,3,159.18,477.54
456,16,1,717.03,717.03
456,28,2,786.06,1572.12
456,12,4,338.56,1354.24
456,20,5,618.65,3093.25
457,25,3,859.36,2578.08
457,27,2,466.76,933.52
457,5,4,823.56,3294.24
458,23,4,118.17,472.68
458,6,1,207.11,207.11
459,24,2,159.18,318.36
459,21,1,619.91,619.91
459,21,1,619.91,619.91
460,27,4,466.76,1867.04
460,22,4,696.37,2785.48
460,16,1,717.03,717.03
460,3,5,728.44,3642.2
461,28,3,786.06,2358.18
462,21,5,619.91,3099.55
462,16,3,717.03,2151.09
463,13,2,468.38,936.76
463,21,1,619.91,619.91
463,25,2,859.36,1718.72
463,10,1,677.37,677.37
464,16,3,717.03,2151.09
465,22,1,696.37,696.37
465,5,2,823.56,1647.12
466,28,2,786.06,1572.12
466,11,3,810.08,2430.24
466,7,2,368.16,736.32
467,29,4,760.67,3042.68
467,9,3,237.03,711.09
467,21,5,619.91,3099.55
468,16,4,717.03,2868.12
469,23,4,118.17,472.68
470,5,3,823.56,2470.68
470,1,1,622.46,622.46
471,21,1,619.91,619.91
472,12,3,338.56,1015.68
472,26,4,875.26,3501.04
472,22,2,696.37,1392.74
472,23,2,118.17,236.34
473,12,2,338.56,677.12
473,15,4,154.5,618.0
473,7,3,368.16,1104.48
474,27,1,466.76,466.76
474,24,5,159.18,795.9
474,25,1,859.36,859.36
475,16,4,717.03,2868.12
476,28,3,786.06,2358.18
476,5,1,823.56,823.56
476,9,5,237.03,1185.15
477,13,3,468.38,1405.14
477,19,5,485.62,2428.1
478,5,5,823.56,4117.8
478,20,4,618.65,2474.6
478,11,2,810.08,1620.16
479,21,4,619.91,2479.64
480,24,1,159.18,159.18
480,27,3,466.76,1400.28
480,9,1,237.03,237.03
481,27,5,466.76,2333.8
481,15,2,154.5,309.0
482,2,3,221.56,664.68
482,29,1,760.67,760.67
483,22,3,696.37,2089.11
483,15,4,154.5,618.0
483,12,1,338.56,338.56
483,19,5,485.62,2428.1
484,6,1,207.11,207.11
484,3,5,728.44,3642.2
484,27,5,466.76,2333.8
484,29,1,760.67,760.67
485,10,3,677.37,2032.11
485,21,3,619.91,1859.73
485,14,4,685.09,2740.36
486,27,2,466.76,933.52
486,16,1,717.03,717.03
486,5,2,823.56,1647.12
487,27,2,466.76,933.52
488,8,1,145.73,145.73
488,20,5,618.65,3093.25
488,16,3,717.03,2151.09
488,24,2,159.18,318.36
489,7,1,368.16,368.16
489,7,1,368.16,368.16
489,13,2,468.38,936.76
490,22,2,696.37,1392.74
490,15,1,154.5,154.5
490,22,2,696.37,1392.74
491,19,3,485.62,1456.86
492,30,4,154.5,618.0
492,28,5,786.06,3930.3
492,16,5,717.03,3585.15
492,2,2,221.56,443.12
493,26,1,875.26,875.26
493,9,1,237.03,237.03
494,17,4,544.84,2179.36
494,27,3,466.76,1400.28
495,22,1,696.37,696.37
496,13,3,468.38,1405.14
497,19,2,485.62,971.24
498,26,4,875.26,3501.04
498,16,1,717.03,717.03
498,23,4,118.17,472.68
498,2,4,221.56,886.24
499,11,3,810.08,2430.24
499,13,3,468.38,1405.14
500,12,3,338.56,1015.68
500,12,4,338.56,1354.24
501,20,3,618.65,1855.95
502,12,5,338.56,1692.8
502,16,2,717.03,1434.06
503,26,4,875.26,3501.04
503,6,5,207.11,1035.55
503,4,4,255.61,1022.44
504,30,3,154.5,463.5
504,25,2,859.36,1718.72
504,22,1,696.37,696.37
504,28,3,786.06,2358.18
505,26,1,875.26,875.26
505,17,4,544.84,2179.36
505,10,5,677.37,3386.85
506,18,2,355.82,711.64
507,27,2,466.76,933.52
508,19,2,485.62,971.24
508,25,2,859.36,1718.72
509,3,5,728.44,3642.2
509,7,1,368.16,368.16
509,7,3,368.16,1104.48
510,9,4,237.03,948.12
510,5,5,823.56,4117.8
511,12,1,338.56,338.56
512,3,1,728.44,728.44
512,28,5,786.06,3930.3
513,8,2,145.73,291.46
513,19,3,485.62,1456.86
514,29,2,760.67,1521.34
515,16,1,717.03,717.03
515,23,3,118.17,354.51
515,8,4,145.73,582.92
516,23,3,118.17,354.51
516,22,2,696.37,1392.74
516,18,2,355.82,711.64
517,20,2,618.65,1237.3
517,14,5,685.09,3425.45
517,28,5,786.06,3930.3
518,9,4,237.03,948.12
518,27,3,466.76,1400.28
519,6,5,207.11,1035.55
520,13,5,468.38,2341.9
520,16,2,717.03,1434.06
520,19,5,485.62,2428.1
521,6,1,207.11,207.11
521,20,2,618.65,1237.3
521,23,3,118.17,354.51
522,2,3,221.56,664.68
523,16,2,717.03,1434.06
523,19,1,485.62,485.62
524,19,1,485.62,485.62
525,15,2,154.5,309.0
525,14,4,685.09,2740.36
525,28,4,786.06,3144.24
525,21,4,619.91,2479.64
526,26,5,875.26,4376.3
526,23,2,118.17,236.34
526,13,2,468.38,936.76
526,4,4,255.61,1022.44
527,23,3,118.17,354.51
528,15,2,154.5,309.0
528,11,4,810.08,3240.32
528,29,2,760.67,1521.34
529,20,1,618.65,618.65
529,16,4,717.03,2868.12
529,20,2,618.65,1237.3
529,22,5,696.37,3481.85
530,23,3,118.17,354.51
531,13,3,468.38,1405.14
531,22,3,696.37,2089.11
531,16,2,717.03,1434.06
532,10,2,677.37,1354.74
532,27,1,466.76,466.76
532,24,3,159.18,477.54
532,17,1,544.84,544.84
533,19,2,485.62,971.24
533,16,1,717.03,717.03
533,13,1,468.38,468.38
533,29,2,760.67,1521.34
534,20,1,618.65,618.65
534,8,3,145.73,437.19
534,18,4,355.82,1423.28
534,19,4,485.62,1942.48
535,6,2,207.11,414.22
535,13,3,468.38,1405.14
535,4,4,255.61,1022.44
535,29,3,760.67,2282.01
536,2,4,221.56,886.24
536,8,4,145.73,582.92
536,22,3,696.37,2089.11
537,7,2,368.16,736.32
538,13,5,468.38,2341.9
538,29,4,760.67,3042.68
538,1,5,622.46,3112.3
539,8,5,145.73,728.65
539,15,4,154.5,618.0
539,24,5,159.18,795.9
539,5,2,823.56,1647.12
540,1,1,622.46,622.46
540,19,5,485.62,2428.1
540,1,5,622.46,3112.3
540,18,5,355.82,1779.1
541,17,2,544.84,1089.68
541,25,2,859.36,1718.72
541,30,2,154.5,309.0
541,3,2,728.44,1456.88
542,24,4,159.18,636.72
543,25,3,859.36,2578.08
543,7,1,368.16,368.16
543,22,1,696.37,696.37
544,27,3,466.76,1400.28
544,13,5,468.38,2341.9
544,29,4,760.67,3042.68
545,19,4,485.62,1942.48
546,8,1,145.73,145.73
547,1,4,622.46,2489.84
547,8,3,145.73,437.19
547,7,4,368.16,1472.64
548,18,3,355.82,1067.46
548,24,4,159.18,636.72
549,30,3,154.5,463.5
549,3,2,728.44,1456.88
549,19,1,485.62,485.62
549,14,4,685.09,2740.36
550,13,3,468.38,1405.14
550,9,3,237.03,711.09
550,8,3,145.73,437.19
551,16,3,717.03,2151.09
551,8,4,145.73,582.92
552,21,5,619.91,3099.55
552,25,1,859.36,859.36
552,13,2,468.38,936.76
552,5,4,823.56,3294.24
553,4,5,255.61,1278.05
553,25,3,859.36,2578.08
553,14,1,685.09,685.09
553,22,5,696.37,3481.85
554,12,2,338.56,677.12
554,19,5,485.62,2428.1
554,21,5,619.91,3099.55
554,11,1,810.08,810.08
555,26,2,875.26,1750.52
556,24,2,159.18,318.36
556,6,3,207.11,621.33
556,17,3,544.84,1634.52
557,24,1,159.18,159.18
558,21,2,619.91,1239.82
558,8,4,145.73,582.92
558,16,5,717.03,3585.15
558,18,5,355.82,1779.1
559,23,1,118.17,118.17
559,11,3,810.08,2430.24
559,8,1,145.73,145.73
560,11,2,810.08,1620.16
560,13,2,468.38,936.76
561,14,5,685.09,3425.45
561,29,1,760.67,760.67
561,17,1,544.84,544.84
561,13,4,468.38,1873.52
562,25,2,859.36,1718.72
563,9,4,237.03,948.12
563,29,4,760.67,3042.68
563,2,3,221.56,664.68
564,7,3,368.16,1104.48
564,26,5,875.26,4376.3
564,9,5,237.03,1185.15
564,2,4,221.56,886.24
565,29,5,760.67,3803.35
565,27,5,466.76,2333.8
565,30,5,154.5,772.5
566,23,4,118.17,472.68
567,14,3,685.09,2055.27
567,20,3,618.65,1855.95
567,14,3,685.09,2055.27
568,25,1,859.36,859.36
568,27,5,466.76,2333.8
569,4,1,255.61,255.61
569,3,4,728.44,2913.76
570,6,4,207.11,828.44
570,3,1,728.44,728.44
570,24,5,159.18,795.9
570,14,5,685.09,3425.45
571,22,5,696.37,3481.85
571,24,4,159.18,636.72
572,6,5,207.11,1035.55
572,24,2,159.18,318.36
573,15,3,154.5,463.5
573,28,5,786.06,3930.3
574,20,2,618.65,1237.3
575,12,4,338.56,1354.24
575,3,3,728.44,2185.32
575,30,3,154.5,463.5
576,24,4,159.18,636.72
577,19,5,485.62,2428.1
577,22,1,696.37,696.37
578,12,2,338.56,677.12
579,29,5,760.67,3803.35
579,5,4,823.56,3294.24
579,23,2,118.17,236.34
579,30,3,154.5,463.5
580,6,2,207.11,414.22
580,6,3,207.11,621.33
580,30,1,154.5,154.5
581,22,2,696.37,1392.74
581,30,5,154.5,772.5
582,29,5,760.67,3803.35
582,10,4,677.37,2709.48
583,9,4,237.03,948.12
583,13,1,468.38,468.38
583,30,1,154.5,154.5
583,7,5,368.16,1840.8
584,5,5,823.56,4117.8
584,9,2,237.03,474.06
584,3,1,728.44,728.44
585,9,3,237.03,711.09
585,5,2,823.56,1647.12
585,30,1,154.5,154.5
586,10,2,677.37,1354.74
586,8,1,145.73,145.73
586,28,1,786.06,786.06
587,6,4,207.11,828.44
587,7,2,368.16,736.32
587,18,3,355.82,1067.46
588,2,4,221.56,886.24
588,24,1,159.18,159.18
589,25,2,859.36,1718.72
589,5,1,823.56,823.56
590,24,3,159.18,477.54
591,30,5,154.5,772.5
591,28,5,786.06,3930.3
591,19,1,485.62,485.62
592,5,1,823.56,823.56
593,19,4,485.62,1942.48
593,11,1,810.08,810.08
593,17,5,544.84,2724.2
593,8,3,145.73,437.19
594,19,3,485.62,1456.86
595,21,5,619.91,3099.55
595,5,5,823.56,4117.8
595,8,2,145.73,291.46
596,14,3,685.09,2055.27
597,2,5,221.56,1107.8
597,10,2,677.37,1354.74
598,10,4,677.37,2709.48
598,18,3,355.82,1067.46
598,24,2,159.18,318.36
599,9,3,237.03,711.09
599,18,2,355.82,711.64
599,23,1,118.17,118.17
599,30,1,154.5,154.5
600,2,2,221.56,443.12
600,17,1,544.84,544.84
600,12,5,338.56,1692.8
600,15,1,154.5,154.5
