order_id,customer_id,order_date,channel
1,21,2025-01-01,Loja
2,47,2025-11-11,Web
3,73,2025-03-22,Web
4,61,2025-06-19,App
5,52,2026-01-18,App
6,44,2025-01-22,Loja
7,1,2025-03-14,Loja
8,9,2025-02-02,App
9,31,2025-10-13,Loja
10,74,2026-04-30,Web
11,56,2025-12-29,App
12,52,2025-12-14,Web
13,69,2026-04-05,Web
14,10,2026-03-30,Loja
15,70,2025-01-16,Web
16,63,2026-05-08,Web
17,50,2025-09-29,App
18,20,2025-07-14,App
19,70,2025-03-04,Loja
20,62,2026-05-30,Loja
21,11,2025-07-10,Web
22,52,2025-05-03,Loja
23,6,2025-03-25,App
24,31,2025-09-29,App
25,41,2025-03-16,Web
26,69,2025-08-07,Loja
27,32,2026-01-14,App
28,39,2025-01-09,Loja
29,15,2025-04-20,Loja
30,78,2025-08-04,Loja
31,63,2025-09-15,Web
32,36,2025-02-15,Web
33,57,2026-03-14,Loja
34,10,2025-06-02,Loja
35,75,2025-06-01,App
36,47,2025-02-10,App
37,46,2026-02-21,Loja
38,23,2026-02-27,Web
39,32,2025-10-01,Web
40,5,2026-04-27,Web
41,40,2025-08-22,Web
42,52,2025-12-03,App
43,45,2026-06-06,App
44,23,2025-09-29,Web
45,56,2025-12-20,Loja
46,15,2026-01-30,Loja
47,56,2025-01-02,Loja
48,9,2025-12-05,Loja
49,40,2026-02-23,App
50,54,2026-01-24,Loja
51,39,2026-02-20,Loja
52,37,2025-08-04,App
53,28,2026-06-08,App
54,66,2025-12-10,Web
55,26,2025-05-31,Web
56,61,2025-03-16,App
57,52,2025-09-07,Web
58,55,2025-08-13,Web
59,59,2025-05-17,App
60,55,2026-04-02,Web
61,67,2026-05-12,Loja
62,10,2025-10-20,Web
63,11,2025-05-22,Web
64,28,2025-03-07,App
65,8,2025-07-31,App
66,62,2025-01-07,App
67,70,2025-08-14,App
68,63,2025-01-30,App
69,17,2025-01-28,App
70,55,2025-05-19,App
71,49,2025-12-02,Web
72,54,2025-09-16,Web
73,29,2025-03-12,Loja
74,32,2025-07-24,Web
75,61,2025-04-28,Loja
76,48,2025-06-21,Loja
77,40,2025-04-21,Loja
78,74,2026-01-20,App
79,32,2025-04-15,Loja
80,6,2025-12-22,Loja
81,2,2026-03-07,App
82,47,2026-04-16,Loja
83,67,2025-10-04,Loja
84,42,2025-09-09,Web
85,73,2026-01-24,App
86,42,2025-07-06,App
87,44,2025-10-14,Loja
88,25,2025-03-29,Web
89,63,2026-04-04,Web
90,29,2026-02-19,Loja
91,48,2026-04-30,Loja
92,46,2026-04-10,App
93,25,2025-11-20,Web
94,62,2025-10-11,Loja
95,30,2026-01-05,Web
96,36,2025-02-16,Web
97,2,2025-10-19,App
98,33,2026-05-05,Web
99,63,2025-03-17,Loja
100,20,2025-11-08,Web
101,54,2025-08-20,Loja
102,55,2025-11-09,Loja
103,13,2025-08-01,Loja
104,21,2025-09-03,Web
105,1,2026-02-23,App
106,37,2026-04-10,Web
107,26,2026-03-12,Web
108,19,2025-03-15,Web
109,73,2025-10-23,App
110,39,2026-02-17,App
111,56,2025-11-27,Loja
112,74,2025-01-22,Loja
113,61,2026-06-16,Loja
114,63,2025-04-04,App
115,14,2025-06-14,App
116,5,2026-04-11,Web
117,52,2026-06-11,Web
118,47,2026-05-26,Loja
119,17,2025-10-22,App
120,21,2025-11-15,Loja
121,53,2025-04-06,Web
122,16,2025-06-07,App
123,62,2026-04-29,Web
124,77,2026-06-05,Loja
125,54,2025-12-15,Loja
126,76,2026-05-17,Web
127,71,2026-01-22,App
128,50,2025-08-28,App
129,61,2026-01-26,App
130,17,2026-05-30,Loja
131,68,2026-04-13,Web
132,10,2026-04-26,App
133,43,2026-01-25,App
134,31,2025-10-22,Web
135,13,2025-04-13,App
136,6,2025-11-29,Web
137,19,2025-09-08,Loja
138,11,2026-01-27,Loja
139,19,2025-08-26,App
140,60,2025-10-22,Loja
141,45,2025-11-03,Loja
142,50,2026-05-10,Web
143,46,2025-10-30,Loja
144,2,2025-02-20,Loja
145,29,2025-07-14,Loja
146,40,2026-03-28,Web
147,42,2026-03-02,Web
148,47,2026-05-29,App
149,38,2025-12-13,Web
150,72,2026-01-10,Web
151,59,2026-01-13,Loja
152,14,2025-08-28,App
153,72,2025-12-02,Loja
154,39,2026-02-23,Web
155,39,2026-05-20,Web
156,69,2025-05-19,App
157,20,2026-03-01,Loja
158,79,2026-02-22,App
159,28,2026-03-31,App
160,48,2026-01-03,Web
161,12,2025-08-06,Loja
162,43,2025-09-07,Web
163,27,2025-08-10,Web
164,36,2025-05-29,Web
165,17,2025-01-16,App
166,3,2025-06-28,App
167,54,2026-06-23,Web
168,58,2026-01-06,Loja
169,65,2025-08-15,Loja
170,39,2026-04-15,Loja
171,62,2026-02-16,App
172,57,2025-03-17,Web
173,17,2025-10-09,Loja
174,38,2026-04-10,Loja
175,56,2026-04-08,Web
176,13,2025-11-17,App
177,61,2025-03-10,Web
178,56,2025-04-09,Loja
179,76,2025-12-04,Loja
180,46,2026-03-10,Loja
181,77,2025-11-16,App
182,65,2025-08-06,Web
183,48,2025-04-28,App
184,80,2025-01-27,Loja
185,40,2025-12-14,App
186,19,2026-02-15,Web
187,68,2025-08-09,App
188,40,2025-11-29,Loja
189,20,2025-06-11,Loja
190,35,2026-03-30,Loja
191,35,2025-08-09,Loja
192,56,2025-04-24,App
193,51,2025-02-26,Web
194,18,2025-09-19,App
195,56,2025-06-29,Web
196,46,2025-03-15,App
197,3,2026-04-16,Web
198,52,2026-03-04,App
199,3,2025-11-29,Web
200,32,2026-03-23,Loja
201,44,2025-08-15,App
202,15,2026-06-07,Web
203,14,2025-05-30,App
204,20,2025-03-19,Web
205,73,2025-11-27,Loja
206,61,2026-03-29,Loja
207,46,2026-06-04,Web
208,8,2026-01-13,App
209,79,2026-06-04,App
210,74,2025-07-12,App
211,14,2025-12-18,Loja
212,23,2025-02-10,Web
213,21,2026-01-08,App
214,77,2025-02-23,Loja
215,72,2026-01-31,App
216,11,2025-05-25,App
217,11,2025-11-14,Loja
218,55,2026-06-05,App
219,40,2025-07-04,Web
220,18,2025-06-08,Web
221,68,2025-02-08,Loja
222,49,2025-06-07,Web
223,57,2025-02-14,App
224,37,2026-04-05,Web
225,25,2026-01-12,Loja
226,68,2026-03-05,Web
227,33,2025-02-23,Loja
228,16,2025-10-19,Web
229,66,2025-05-31,App
230,58,2025-12-24,Web
231,31,2026-01-31,Web
232,13,2025-12-10,Web
233,61,2025-05-23,Loja
234,3,2025-09-20,Web
235,68,2026-03-10,Web
236,7,2025-09-02,App
237,69,2025-01-17,Loja
238,55,2025-01-02,Loja
239,24,2025-03-29,Loja
240,65,2026-06-04,Loja
241,61,2025-02-14,Loja
242,9,2025-12-20,Web
243,43,2025-05-17,Web
244,60,2026-05-06,Loja
245,59,2025-02-07,App
246,6,2025-11-20,App
247,25,2025-10-20,App
248,35,2025-05-08,App
249,24,2026-05-24,Loja
250,55,2025-03-22,App
251,42,2025-04-16,Web
252,78,2026-03-13,Web
253,79,2026-03-22,App
254,52,2026-01-08,Loja
255,78,2026-03-25,Web
256,47,2026-01-06,App
257,20,2026-04-06,App
258,18,2026-01-11,App
259,4,2025-07-10,App
260,58,2025-08-08,Loja
261,18,2025-03-17,App
262,41,2025-12-22,Loja
263,70,2025-10-25,App
264,66,2025-08-18,Web
265,64,2025-01-27,App
266,79,2025-03-30,Web
267,53,2026-02-24,Loja
268,41,2025-03-17,App
269,76,2025-07-06,Web
270,20,2025-11-08,Web
271,45,2026-06-16,App
272,26,2025-10-09,Web
273,65,2025-06-22,Loja
274,78,2025-12-12,Loja
275,11,2025-02-16,Loja
276,80,2025-02-01,App
277,52,2025-11-01,App
278,21,2026-03-27,App
279,19,2025-11-17,Loja
280,48,2026-06-12,Loja
281,31,2026-04-23,Web
282,13,2025-02-21,App
283,42,2025-11-17,Web
284,60,2026-05-26,App
285,59,2025-09-04,Web
286,64,2026-04-27,App
287,56,2025-05-18,App
288,52,2025-02-22,Loja
289,37,2025-03-17,App
290,16,2025-05-12,Web
291,19,2025-07-23,Loja
292,18,2025-12-08,App
293,42,2025-11-23,Web
294,65,2026-06-06,Loja
295,48,2025-12-06,Loja
296,75,2025-11-12,Loja
297,61,2025-09-29,Loja
298,62,2025-06-24,Loja
299,15,2025-07-15,Web
300,27,2026-02-25,Loja
301,72,2025-11-29,Loja
302,59,2025-12-17,Loja
303,25,2025-09-10,App
304,27,2026-05-16,App
305,16,2026-01-24,App
306,37,2025-03-22,App
307,69,2025-10-05,Loja
308,76,2025-09-03,Web
309,29,2025-08-27,Web
310,43,2026-04-29,Web
311,21,2026-02-21,Loja
312,37,2025-03-02,Web
313,23,2026-03-04,Web
314,64,2025-07-10,Loja
315,73,2025-04-20,App
316,64,2025-05-18,Loja
317,21,2026-04-15,Loja
318,38,2025-07-17,Web
319,52,2025-04-08,Web
320,32,2025-01-07,App
321,39,2025-01-12,App
322,60,2025-11-11,Web
323,48,2025-08-15,Web
324,59,2026-01-18,App
325,11,2026-06-23,App
326,8,2026-06-02,Web
327,67,2026-03-29,Web
328,12,2026-06-07,App
329,17,2026-06-10,App
330,40,2025-01-23,App
331,10,2025-02-16,App
332,9,2026-04-29,Web
333,54,2026-01-19,App
334,18,2025-12-23,Web
335,68,2025-05-11,Loja
336,39,2026-04-20,Loja
337,59,2025-12-21,Web
338,54,2025-01-17,Web
339,77,2025-02-04,App
340,6,2026-02-16,App
341,8,2025-05-24,Loja
342,74,2025-11-25,Web
343,53,2025-11-04,App
344,76,2025-06-29,Loja
345,49,2026-06-22,App
346,24,2026-04-30,Web
347,60,2025-03-01,Loja
348,50,2025-09-06,App
349,58,2026-01-15,Web
350,49,2025-02-10,Web
351,28,2026-05-06,Web
352,25,2025-05-01,Loja
353,31,2025-11-26,App
354,34,2026-01-04,Loja
355,27,2026-01-15,App
356,3,2025-09-25,Loja
357,30,2026-01-24,Loja
358,44,2025-09-21,App
359,18,2026-05-16,Web
360,5,2025-03-18,Loja
361,53,2025-05-21,Loja
362,2,2025-08-12,Loja
363,62,2026-05-15,Web
364,71,2026-02-26,Web
365,36,2025-10-21,Web
366,20,2025-09-04,Web
367,11,2026-01-18,App
368,11,2025-02-02,Web
369,8,2025-01-10,Loja
370,56,2025-12-06,Loja
371,6,2025-08-24,Web
372,70,2025-02-03,Web
373,19,2026-02-12,Web
374,73,2026-02-03,Loja
375,65,2025-12-21,Web
376,30,2025-03-19,App
377,63,2025-08-22,App
378,11,2025-10-30,Web
379,35,2025-06-07,App
380,47,2025-04-20,Web
381,57,2026-01-04,App
382,12,2025-07-11,App
383,14,2025-01-27,Web
384,77,2025-11-29,App
385,53,2026-02-02,Web
386,22,2026-01-25,Web
387,35,2026-05-20,Web
388,56,2025-10-10,App
389,33,2025-09-10,Loja
390,14,2025-05-19,App
391,43,2026-01-25,App
392,39,2025-11-25,Loja
393,23,2026-02-12,App
394,42,2026-01-21,App
395,76,2025-07-04,Loja
396,27,2026-03-25,App
397,64,2025-05-23,Loja
398,55,2026-01-22,Web
399,69,2026-06-03,Loja
400,77,2025-03-29,Web
401,79,2025-02-15,Loja
402,13,2025-09-22,Web
403,51,2026-04-20,Loja
404,62,2025-04-18,App
405,40,2025-12-18,App
406,45,2026-05-03,Web
407,6,2025-04-28,Web
408,67,2025-06-28,Loja
409,55,2026-04-19,Web
410,4,2025-07-22,App
411,36,2025-03-06,Loja
412,24,2026-01-10,App
413,34,2026-05-17,Loja
414,51,2025-04-27,App
415,39,2025-03-28,Loja
416,31,2025-11-09,Web
417,66,2026-02-02,App
418,55,2025-07-10,App
419,63,2025-10-23,Web
420,80,2025-02-24,App
421,18,2025-07-19,App
422,63,2025-06-21,Web
423,38,2025-02-03,App
424,22,2026-04-14,Loja
425,15,2025-10-02,Loja
426,70,2025-08-12,App
427,39,2025-02-03,App
428,16,2025-08-31,Web
429,79,2025-05-23,Web
430,45,2025-10-15,Loja
431,38,2025-10-01,Loja
432,53,2025-03-02,App
433,19,2025-11-26,Web
434,54,2026-01-20,App
435,52,2026-06-12,Loja
436,42,2025-01-03,Loja
437,46,2025-03-06,Loja
438,35,2025-11-27,App
439,73,2026-05-12,App
440,13,2026-04-16,Web
441,57,2026-04-13,Web
442,36,2025-04-06,Loja
443,22,2025-02-23,App
444,13,2025-01-02,Web
445,67,2026-04-01,Web
446,16,2026-03-09,Loja
447,30,2026-01-28,Web
448,41,2026-01-12,App
449,19,2025-03-12,Loja
450,22,2026-03-27,App
451,79,2026-03-30,Web
452,18,2025-05-07,Loja
453,32,2025-10-11,Loja
454,71,2025-10-19,Loja
455,27,2026-06-15,Loja
456,7,2025-09-03,App
457,10,2026-06-25,Web
458,73,2026-03-07,App
459,3,2025-03-11,Web
460,51,2026-06-03,App
461,69,2025-06-06,App
462,11,2026-06-08,Web
463,51,2025-03-09,App
464,56,2025-04-29,App
465,23,2025-05-03,Web
466,64,2025-12-22,Loja
467,35,2025-05-01,Web
468,9,2025-09-27,Loja
469,59,2026-06-08,App
470,73,2025-06-20,App
471,74,2025-04-29,Web
472,2,2025-09-08,Web
473,5,2026-03-06,Web
474,35,2025-03-21,Loja
475,23,2025-08-17,Loja
476,9,2026-04-22,App
477,59,2025-01-09,App
478,39,2025-09-06,App
479,70,2025-09-09,Web
480,4,2025-08-27,Loja
481,49,2025-11-11,Web
482,54,2026-05-19,Web
483,6,2025-08-26,Loja
484,13,2026-06-02,Web
485,56,2025-05-14,Web
486,42,2025-11-22,App
487,18,2025-04-22,Web
488,58,2026-04-23,App
489,58,2025-11-12,App
490,39,2025-02-11,Web
491,46,2026-02-10,Loja
492,34,2025-06-28,Web
493,13,2026-04-19,Web
494,8,2025-08-16,Web
495,11,2025-09-23,Web
496,26,2026-03-31,Web
497,16,2025-02-13,App
498,74,2026-03-20,Loja
499,23,2025-12-29,Web
500,58,2025-06-02,Web
501,53,2026-05-06,Web
502,50,2025-05-21,App
503,70,2025-01-20,App
504,45,2026-05-30,App
505,77,2025-08-13,Web
506,46,2025-08-27,Web
507,31,2025-09-30,Loja
508,74,2026-02-02,App
509,76,2025-11-22,Loja
510,73,2025-05-26,Loja
511,40,2025-06-29,App
512,8,2025-08-27,Loja
513,62,2025-01-01,App
514,23,2025-11-28,Web
515,76,2025-05-26,Web
516,76,2025-04-14,App
517,56,2026-05-14,Loja
518,46,2025-08-17,Loja
519,38,2025-05-11,Web
520,51,2025-02-03,Web
521,14,2026-05-24,Web
522,41,2025-06-21,Loja
523,58,2025-01-12,App
524,45,2025-09-20,Web
525,50,2026-03-25,Loja
526,45,2026-01-20,Web
527,10,2025-02-04,App
528,34,2025-04-18,Web
529,10,2025-04-06,App
530,56,2025-06-10,Web
531,27,2025-07-14,App
532,13,2025-02-20,App
533,55,2025-03-31,App
534,22,2025-10-26,Web
535,63,2025-09-29,Web
536,24,2026-04-02,Web
537,29,2025-10-03,Loja
538,13,2025-03-29,Loja
539,30,2025-03-04,App
540,61,2025-11-03,Web
541,74,2025-05-31,Web
542,17,2025-02-13,App
543,26,2025-06-01,Loja
544,50,2026-02-11,Loja
545,2,2026-06-20,App
546,20,2025-06-01,Loja
547,73,2025-04-14,App
548,63,2026-04-30,Web
549,19,2026-02-16,Web
550,35,2026-01-17,Web
551,63,2025-04-11,Web
552,42,2025-10-03,Loja
553,28,2026-02-21,Loja
554,21,2025-03-09,App
555,23,2025-07-17,Web
556,5,2026-04-13,Web
557,60,2026-06-02,App
558,31,2026-01-17,App
559,45,2025-12-19,Web
560,50,2025-02-20,Web
561,27,2025-10-03,Loja
562,17,2025-06-27,Loja
563,33,2025-11-09,Loja
564,59,2025-09-16,Web
565,75,2025-04-15,Web
566,37,2025-11-02,Loja
567,9,2025-12-11,App
568,25,2025-06-03,Loja
569,52,2025-11-24,Loja
570,38,2025-09-23,App
571,25,2025-12-18,Loja
572,46,2026-06-04,App
573,38,2025-04-10,App
574,24,2025-12-10,Loja
575,46,2025-08-17,Loja
576,34,2025-10-29,App
577,7,2025-03-14,App
578,49,2025-11-02,App
579,18,2025-07-25,App
580,24,2025-03-24,App
581,1,2026-04-08,App
582,21,2026-05-17,Web
583,55,2026-02-18,App
584,26,2026-01-18,Web
585,1,2025-09-12,Web
586,50,2026-05-31,Loja
587,39,2025-10-25,App
588,63,2026-01-03,Web
589,30,2025-08-18,Loja
590,76,2026-06-01,Web
591,5,2026-01-20,Loja
592,77,2025-02-19,Loja
593,7,2025-04-29,App
594,61,2025-06-06,Web
595,54,2025-04-14,Loja
596,54,2025-04-18,Loja
597,15,2025-04-19,App
598,34,2026-06-20,Web
599,6,2026-05-24,Web
600,12,2025-04-24,Loja
