product_id,product,category,unit_price
1,Produto 01,Casa,622.46
2,Produto 02,Eletrônicos,221.56
3,Produto 03,Eletrônicos,728.44
4,Produto 04,Livros,255.61
5,Produto 05,Casa,823.56
6,Produto 06,Esporte,207.11
7,Produto 07,Livros,368.16
8,Produto 08,Livros,145.73
9,Produto 09,Casa,237.03
10,Produto 10,Esporte,677.37
11,Produto 11,Livros,810.08
12,Produto 12,Livros,338.56
13,Produto 13,Casa,468.38
14,Produto 14,Eletrônicos,685.09
15,Produto 15,Eletrônicos,154.5
16,Produto 16,Casa,717.03
17,Produto 17,Livros,544.84
18,Produto 18,Livros,355.82
19,Produto 19,Livros,485.62
20,Produto 20,Eletrônicos,618.65
21,Produto 21,Eletrônicos,619.91
22,Produto 22,Esporte,696.37
23,Produto 23,Esporte,118.17
24,Produto 24,Livros,159.18
25,Produto 25,Eletrônicos,859.36
26,Produto 26,Esporte,875.26
27,Produto 27,Casa,466.76
28,Produto 28,Eletrônicos,786.06
29,Produto 29,Esporte,760.67
30,Produto 30,Casa,154.5
