customer_id,name,city
1,Cliente 001,São Paulo
2,Cliente 002,São Paulo
3,Cliente 003,Santos
4,Cliente 004,Campinas
5,Cliente 005,Campinas
6,Cliente 006,
7,Cliente 007,São Paulo
8,Cliente 008,Guarulhos
9,Cliente 009,São Paulo
10,Cliente 010,Guarulhos
11,Cliente 011,Osasco
12,Cliente 012,São Paulo
13,Cliente 013,São Paulo
14,Cliente 014,São Paulo
15,Cliente 015,Campinas
16,Cliente 016,Campinas
17,Cliente 017,Guarulhos
18,Cliente 018,Guarulhos
19,Cliente 019,São Paulo
20,Cliente 020,Guarulhos
21,Cliente 021,Campinas
22,Cliente 022,Guarulhos
23,Cliente 023,Osasco
24,Cliente 024,Campinas
25,Cliente 025,Osasco
26,Cliente 026,Guarulhos
27,Cliente 027,Santos
28,Cliente 028,São Paulo
29,Cliente 029,Campinas
30,Cliente 030,Osasco
31,Cliente 031,Santos
32,Cliente 032,Santos
33,Cliente 033,Campinas
34,Cliente 034,Campinas
35,Cliente 035,Santos
36,Cliente 036,São Paulo
37,Cliente 037,São Paulo
38,Cliente 038,Osasco
39,Cliente 039,São Paulo
40,Cliente 040,Santos
41,Cliente 041,Santos
42,Cliente 042,Guarulhos
43,Cliente 043,Santos
44,Cliente 044,São Paulo
45,Cliente 045,Osasco
46,Cliente 046,Guarulhos
47,Cliente 047,São Paulo
48,Cliente 048,Osasco
49,Cliente 049,São Paulo
50,Cliente 050,Guarulhos
51,Cliente 051,Santos
52,Cliente 052,Guarulhos
53,Cliente 053,Santos
54,Cliente 054,Guarulhos
55,Cliente 055,Campinas
56,Cliente 056,São Paulo
57,Cliente 057,São Paulo
58,Cliente 058,Campinas
59,Cliente 059,Santos
60,Cliente 060,São Paulo
61,Cliente 061,Campinas
62,Cliente 062,São Paulo
63,Cliente 063,Osasco
64,Cliente 064,Santos
65,Cliente 065,Osasco
66,Cliente 066,Santos
67,Cliente 067,Campinas
68,Cliente 068,Santos
69,Cliente 069,Santos
70,Cliente 070,Campinas
71,Cliente 071,Santos
72,Cliente 072,São Paulo
73,Cliente 073,Guarulhos
74,Cliente 074,Campinas
75,Cliente 075,Guarulhos
76,Cliente 076,Campinas
77,Cliente 077,Campinas
78,Cliente 078,Osasco
79,Cliente 079,Osasco
80,Cliente 080,Santos
1,Cliente 001,São Paulo
