order_id,product_id,quantity,unit_price
1,21,4,619.91
1,16,1,717.03
1,8,1,145.73
2,14,2,685.09
3,16,1,717.03
3,9,5,237.03
3,1,2,622.46
3,30,2,154.5
4,3,2,728.44
4,12,5,338.56
4,28,2,786.06
4,26,3,875.26
5,18,1,355.82
5,25,2,859.36
5,21,2,619.91
5,29,1,760.67
6,21,5,619.91
6,15,2,154.5
7,12,2,338.56
8,15,5,154.5
9,18,2,355.82
9,1,5,622.46
9,28,2,786.06
9,19,5,485.62
10,10,4,677.37
10,21,2,619.91
10,26,1,875.26
10,29,1,760.67
11,13,4,468.38
11,22,1,696.37
11,3,1,728.44
11,20,1,618.65
12,12,2,338.56
12,26,2,875.26
13,4,2,255.61
13,9,3,237.03
13,8,4,145.73
13,6,2,207.11
14,22,1,696.37
15,7,2,368.16
15,2,4,221.56
16,26,1,875.26
16,6,2,207.11
16,25,4,859.36
16,21,1,619.91
17,23,4,118.17
17,7,5,368.16
17,6,4,207.11
18,21,1,619.91
18,6,5,207.11
19,26,1,875.26
19,26,1,875.26
19,14,5,685.09
20,25,1,859.36
20,13,5,468.38
21,16,2,717.03
22,2,5,221.56
22,18,5,355.82
23,18,3,355.82
23,22,2,696.37
23,8,3,145.73
24,2,3,221.56
24,2,4,221.56
25,21,5,619.91
25,27,5,466.76
25,21,1,619.91
25,13,1,468.38
26,20,2,618.65
26,15,3,154.5
26,6,1,207.11
27,26,4,875.26
27,21,5,619.91
28,7,1,368.16
28,19,2,485.62
28,8,3,145.73
29,15,3,154.5
29,29,3,760.67
30,7,2,368.16
30,30,3,154.5
30,23,5,118.17
31,25,4,859.36
32,22,2,696.37
32,19,3,485.62
32,30,2,154.5
33,4,1,255.61
34,15,3,154.5
35,29,1,760.67
35,29,3,760.67
36,14,2,685.09
36,2,1,221.56
37,5,2,823.56
37,28,2,786.06
38,22,3,696.37
38,8,4,145.73
39,27,4,466.76
40,11,4,810.08
40,4,3,255.61
41,21,2,619.91
42,10,3,677.37
43,19,1,485.62
43,17,1,544.84
43,10,3,677.37
44,21,5,619.91
45,20,4,618.65
45,3,5,728.44
45,10,5,677.37
46,16,3,717.03
46,28,1,786.06
47,3,3,728.44
47,10,4,677.37
48,5,1,823.56
48,1,3,622.46
48,16,5,717.03
49,14,3,685.09
49,12,5,338.56
49,18,2,355.82
49,20,2,618.65
50,17,5,544.84
50,18,5,355.82
51,21,3,619.91
52,17,4,544.84
52,29,4,760.67
52,14,4,685.09
53,26,1,875.26
53,17,3,544.84
54,27,3,466.76
54,11,2,810.08
55,8,2,145.73
56,29,5,760.67
56,13,2,468.38
56,3,4,728.44
56,14,4,685.09
57,26,1,875.26
58,26,1,875.26
58,29,5,760.67
58,11,2,810.08
58,18,1,355.82
59,21,4,619.91
59,18,5,355.82
59,14,5,685.09
60,15,4,154.5
60,24,3,159.18
60,4,2,255.61
60,20,3,618.65
61,25,3,859.36
61,22,4,696.37
62,2,3,221.56
62,11,3,810.08
62,7,5,368.16
63,30,4,154.5
63,1,2,622.46
64,9,3,237.03
64,4,5,255.61
64,12,4,338.56
64,19,4,485.62
65,9,5,237.03
65,19,1,485.62
65,30,5,154.5
65,2,4,221.56
66,16,4,717.03
66,10,4,677.37
66,2,5,221.56
67,25,3,859.36
67,7,4,368.16
68,21,4,619.91
68,28,2,786.06
68,1,4,622.46
69,3,1,728.44
70,6,1,207.11
70,2,3,221.56
71,14,3,685.09
71,17,3,544.84
71,28,4,786.06
71,18,3,355.82
72,13,1,468.38
72,12,5,338.56
72,22,1,696.37
72,9,3,237.03
73,8,1,145.73
74,20,2,618.65
74,16,2,717.03
75,13,4,468.38
75,22,3,696.37
76,27,2,466.76
77,21,3,619.91
78,17,1,544.84
78,6,5,207.11
79,15,5,154.5
79,15,1,154.5
79,22,5,696.37
80,8,3,145.73
80,20,1,618.65
80,14,5,685.09
80,13,3,468.38
81,18,4,355.82
82,17,4,544.84
82,12,2,338.56
83,3,4,728.44
83,12,4,338.56
83,22,5,696.37
83,22,3,696.37
84,26,4,875.26
84,26,2,875.26
84,27,4,466.76
85,2,4,221.56
86,1,3,622.46
86,10,3,677.37
87,29,5,760.67
87,14,1,685.09
87,10,5,677.37
88,18,4,355.82
88,4,5,255.61
88,15,2,154.5
88,18,4,355.82
89,28,3,786.06
90,15,3,154.5
90,18,5,355.82
91,5,4,823.56
91,23,5,118.17
91,7,3,368.16
92,18,3,355.82
92,22,2,696.37
92,7,1,368.16
93,6,2,207.11
93,21,2,619.91
94,22,1,696.37
94,24,2,159.18
94,8,3,145.73
95,17,1,544.84
95,25,5,859.36
95,4,2,255.61
96,24,2,159.18
96,14,4,685.09
96,29,1,760.67
97,24,4,159.18
97,4,3,255.61
97,12,2,338.56
97,30,1,154.5
98,23,4,118.17
99,15,2,154.5
100,25,1,859.36
100,23,5,118.17
101,12,4,338.56
101,26,4,875.26
101,26,3,875.26
101,11,5,810.08
102,16,5,717.03
103,30,3,154.5
103,4,1,255.61
104,30,2,154.5
105,11,3,810.08
105,8,1,145.73
105,12,2,338.56
105,24,3,159.18
106,4,3,255.61
106,14,5,685.09
107,21,2,619.91
107,5,3,823.56
108,30,3,154.5
108,24,5,159.18
109,18,4,355.82
110,30,4,154.5
110,10,1,677.37
110,10,5,677.37
110,11,1,810.08
111,1,1,622.46
111,28,1,786.06
111,14,2,685.09
112,1,5,622.46
112,24,1,159.18
112,23,2,118.17
113,13,3,468.38
113,22,2,696.37
113,1,5,622.46
113,9,4,237.03
114,5,4,823.56
114,4,3,255.61
114,5,3,823.56
115,10,4,677.37
115,12,3,338.56
115,11,4,810.08
115,8,5,145.73
116,19,3,485.62
116,3,3,728.44
116,7,1,368.16
117,16,4,717.03
117,17,1,544.84
117,11,2,810.08
117,9,5,237.03
118,1,1,622.46
118,9,2,237.03
118,13,3,468.38
118,17,5,544.84
119,8,1,145.73
119,11,1,810.08
119,16,5,717.03
119,14,2,685.09
120,10,5,677.37
121,25,4,859.36
122,1,5,622.46
122,19,3,485.62
122,7,4,368.16
123,17,5,544.84
123,14,2,685.09
123,28,4,786.06
123,18,2,355.82
124,9,1,237.03
124,18,3,355.82
125,21,1,619.91
125,19,3,485.62
125,2,3,221.56
126,25,5,859.36
126,2,4,221.56
126,19,3,485.62
126,18,3,355.82
127,27,2,466.76
127,4,2,255.61
127,5,5,823.56
128,23,3,118.17
129,16,4,717.03
129,16,1,717.03
130,13,1,468.38
130,29,4,760.67
130,26,1,875.26
131,15,4,154.5
131,29,2,760.67
132,26,5,875.26
132,24,4,159.18
132,29,1,760.67
133,29,5,760.67
133,15,1,154.5
133,26,5,875.26
133,23,1,118.17
134,7,4,368.16
135,23,3,118.17
135,26,1,875.26
136,21,3,619.91
136,22,3,696.37
136,15,4,154.5
137,28,5,786.06
137,9,2,237.03
137,9,2,237.03
137,30,2,154.5
138,22,4,696.37
138,17,5,544.84
139,1,4,622.46
139,11,3,810.08
139,28,1,786.06
140,29,1,760.67
140,25,4,859.36
141,30,3,154.5
141,6,4,207.11
141,9,3,237.03
141,6,2,207.11
142,26,4,875.26
142,4,5,255.61
143,11,1,810.08
143,14,4,685.09
143,6,3,207.11
144,24,3,159.18
144,22,2,696.37
144,13,5,468.38
144,19,3,485.62
145,27,2,466.76
145,12,1,338.56
145,12,1,338.56
146,9,2,237.03
146,19,1,485.62
146,29,3,760.67
147,10,2,677.37
147,4,5,255.61
148,24,3,159.18
148,26,4,875.26
149,22,1,696.37
149,18,2,355.82
149,5,2,823.56
149,23,4,118.17
150,25,1,859.36
150,27,3,466.76
150,10,5,677.37
150,5,1,823.56
151,30,5,154.5
151,13,4,468.38
151,24,3,159.18
152,8,5,145.73
153,27,1,466.76
153,25,4,859.36
154,8,1,145.73
154,24,1,159.18
155,8,2,145.73
156,16,3,717.03
156,28,5,786.06
156,22,4,696.37
156,30,5,154.5
157,28,4,786.06
158,5,3,823.56
159,16,3,717.03
159,6,1,207.11
160,2,3,221.56
160,28,2,786.06
160,16,1,717.03
160,8,4,145.73
161,3,1,728.44
162,27,1,466.76
162,21,5,619.91
163,6,2,207.11
163,18,5,355.82
163,10,1,677.37
164,22,2,696.37
164,2,1,221.56
164,8,1,145.73
165,14,5,685.09
165,10,3,677.37
166,18,2,355.82
167,15,4,154.5
168,4,4,255.61
169,7,5,368.16
170,2,1,221.56
171,27,4,466.76
172,10,5,677.37
172,14,2,685.09
172,8,1,145.73
173,13,4,468.38
173,23,5,118.17
173,2,5,221.56
174,15,1,154.5
174,13,1,468.38
174,13,5,468.38
174,17,2,544.84
175,11,3,810.08
175,8,4,145.73
175,23,4,118.17
175,14,4,685.09
176,29,3,760.67
176,3,3,728.44
176,18,2,355.82
177,17,1,544.84
178,6,2,207.11
178,30,5,154.5
178,7,1,368.16
179,5,4,823.56
180,16,3,717.03
181,27,5,466.76
182,13,2,468.38
182,18,1,355.82
182,7,3,368.16
182,23,5,118.17
183,11,4,810.08
183,30,5,154.5
184,12,1,338.56
184,27,2,466.76
184,8,3,145.73
185,13,2,468.38
186,10,1,677.37
186,15,1,154.5
187,29,4,760.67
187,5,3,823.56
187,27,2,466.76
187,27,3,466.76
188,16,1,717.03
189,27,1,466.76
190,15,4,154.5
190,4,5,255.61
190,19,4,485.62
190,11,4,810.08
191,27,3,466.76
192,20,5,618.65
192,21,3,619.91
192,15,1,154.5
192,24,2,159.18
193,12,3,338.56
193,20,2,618.65
194,30,1,154.5
194,15,1,154.5
194,23,4,118.17
195,5,5,823.56
195,6,2,207.11
195,8,5,145.73
195,19,5,485.62
196,30,4,154.5
197,26,5,875.26
197,13,4,468.38
197,23,5,118.17
198,3,4,728.44
199,12,3,338.56
199,29,1,760.67
199,30,4,154.5
199,28,1,786.06
200,4,5,255.61
200,15,1,154.5
200,22,4,696.37
200,5,3,823.56
201,6,1,207.11
201,3,5,728.44
202,15,3,154.5
202,16,2,717.03
202,8,2,145.73
203,17,2,544.84
203,28,5,786.06
204,4,4,255.61
204,21,5,619.91
204,24,5,159.18
204,11,4,810.08
205,15,2,154.5
205,30,4,154.5
205,30,1,154.5
206,26,3,875.26
206,2,5,221.56
206,29,1,760.67
207,5,4,823.56
207,4,4,255.61
207,7,1,368.16
208,29,1,760.67
209,20,5,618.65
209,15,5,154.5
209,27,1,466.76
209,11,4,810.08
210,22,5,696.37
210,3,2,728.44
210,13,1,468.38
210,20,4,618.65
211,24,5,159.18
212,3,4,728.44
212,2,5,221.56
212,28,5,786.06
212,14,5,685.09
213,22,4,696.37
213,6,4,207.11
213,21,3,619.91
214,12,1,338.56
214,19,3,485.62
214,26,1,875.26
215,27,5,466.76
215,6,2,207.11
215,10,3,677.37
216,23,4,118.17
216,1,2,622.46
216,16,5,717.03
217,12,3,338.56
217,30,2,154.5
217,15,5,154.5
217,9,1,237.03
218,12,3,338.56
219,18,4,355.82
219,3,2,728.44
219,22,2,696.37
220,12,1,338.56
220,30,5,154.5
220,22,5,696.37
221,15,5,154.5
221,29,2,760.67
221,23,5,118.17
222,20,5,618.65
222,22,2,696.37
223,15,2,154.5
223,5,4,823.56
223,24,5,159.18
224,22,3,696.37
224,9,4,237.03
225,8,4,145.73
225,19,3,485.62
225,8,4,145.73
225,24,5,159.18
226,6,5,207.11
226,2,2,221.56
227,15,3,154.5
227,3,5,728.44
227,24,1,159.18
227,3,5,728.44
228,2,3,221.56
228,28,4,786.06
229,29,2,760.67
230,21,1,619.91
230,21,4,619.91
230,21,5,619.91
230,5,3,823.56
231,25,2,859.36
231,16,1,717.03
231,28,3,786.06
232,23,1,118.17
232,25,3,859.36
233,22,4,696.37
233,19,5,485.62
233,2,1,221.56
233,19,1,485.62
234,15,5,154.5
234,22,5,696.37
235,27,2,466.76
235,19,3,485.62
235,7,1,368.16
236,12,1,338.56
236,22,1,696.37
236,10,4,677.37
236,27,5,466.76
237,22,2,696.37
237,10,3,677.37
238,3,2,728.44
238,16,5,717.03
238,29,4,760.67
239,1,1,622.46
239,22,5,696.37
239,25,5,859.36
240,28,4,786.06
241,4,3,255.61
241,18,3,355.82
241,19,1,485.62
241,17,3,544.84
242,27,5,466.76
243,4,5,255.61
243,4,3,255.61
243,7,2,368.16
244,18,2,355.82
244,24,1,159.18
245,10,1,677.37
245,1,2,622.46
246,7,5,368.16
246,14,4,685.09
246,27,3,466.76
246,17,1,544.84
247,15,3,154.5
248,15,4,154.5
248,19,4,485.62
248,30,4,154.5
248,2,3,221.56
249,19,3,485.62
249,24,5,159.18
249,12,3,338.56
249,28,1,786.06
250,30,5,154.5
250,9,3,237.03
251,25,3,859.36
251,28,3,786.06
251,15,4,154.5
252,27,3,466.76
252,12,4,338.56
252,16,1,717.03
252,12,3,338.56
253,30,1,154.5
254,15,1,154.5
254,13,2,468.38
255,11,1,810.08
255,23,2,118.17
256,25,5,859.36
257,10,4,677.37
257,4,1,255.61
257,17,5,544.84
258,2,3,221.56
258,11,2,810.08
258,26,1,875.26
259,8,5,145.73
259,16,1,717.03
259,2,3,221.56
259,1,3,622.46
260,19,4,485.62
260,30,2,154.5
260,20,1,618.65
261,12,4,338.56
261,21,1,619.91
262,18,5,355.82
263,13,2,468.38
263,4,3,255.61
264,27,2,466.76
264,3,2,728.44
265,4,4,255.61
265,16,5,717.03
265,20,2,618.65
266,17,4,544.84
266,5,4,823.56
266,1,5,622.46
267,11,2,810.08
268,4,5,255.61
268,9,3,237.03
268,10,2,677.37
268,2,5,221.56
269,30,5,154.5
269,28,1,786.06
269,5,1,823.56
269,5,5,823.56
270,9,3,237.03
270,28,2,786.06
271,27,3,466.76
272,6,5,207.11
272,11,5,810.08
272,6,1,207.11
273,5,2,823.56
273,17,5,544.84
274,10,1,677.37
275,16,2,717.03
275,6,5,207.11
275,2,4,221.56
276,6,3,207.11
276,30,4,154.5
276,20,2,618.65
277,17,1,544.84
278,3,4,728.44
278,20,2,618.65
278,28,3,786.06
278,21,5,619.91
279,25,3,859.36
279,29,4,760.67
279,22,2,696.37
280,27,3,466.76
281,6,4,207.11
281,8,2,145.73
281,2,2,221.56
282,10,5,677.37
282,26,4,875.26
282,20,2,618.65
282,10,2,677.37
283,7,4,368.16
283,17,5,544.84
284,22,1,696.37
284,24,1,159.18
284,12,4,338.56
284,22,5,696.37
285,9,1,237.03
285,15,1,154.5
285,15,3,154.5
286,5,1,823.56
287,2,4,221.56
287,6,3,207.11
287,7,1,368.16
288,29,3,760.67
288,27,5,466.76
289,28,5,786.06
289,21,3,619.91
289,21,5,619.91
289,23,5,118.17
290,6,3,207.11
290,26,3,875.26
290,20,5,618.65
290,5,3,823.56
291,2,5,221.56
291,7,1,368.16
291,9,1,237.03
291,17,1,544.84
292,6,2,207.11
292,18,5,355.82
292,24,5,159.18
292,1,2,622.46
293,29,5,760.67
293,12,3,338.56
293,7,5,368.16
293,5,3,823.56
294,24,5,159.18
294,10,3,677.37
294,25,4,859.36
294,5,1,823.56
295,14,4,685.09
296,12,5,338.56
297,6,1,207.11
297,27,5,466.76
298,9,2,237.03
298,3,2,728.44
298,17,1,544.84
298,29,5,760.67
299,2,3,221.56
299,11,4,810.08
299,18,2,355.82
299,30,4,154.5
300,13,1,468.38
300,26,2,875.26
300,8,5,145.73
300,9,2,237.03
301,29,5,760.67
301,10,4,677.37
301,7,3,368.16
301,20,2,618.65
302,6,3,207.11
302,4,5,255.61
302,1,4,622.46
303,18,2,355.82
303,11,3,810.08
303,27,3,466.76
304,30,3,154.5
304,26,5,875.26
304,6,3,207.11
304,29,3,760.67
305,19,2,485.62
305,28,3,786.06
305,5,1,823.56
306,24,3,159.18
306,20,4,618.65
306,1,2,622.46
306,6,2,207.11
307,9,2,237.03
307,12,1,338.56
307,30,5,154.5
308,27,5,466.76
309,20,4,618.65
310,22,1,696.37
310,22,5,696.37
311,6,4,207.11
311,6,2,207.11
311,3,3,728.44
311,14,3,685.09
312,20,5,618.65
312,28,1,786.06
313,20,4,618.65
314,15,1,154.5
314,6,1,207.11
314,1,3,622.46
315,27,4,466.76
315,28,5,786.06
315,26,5,875.26
316,13,3,468.38
316,18,2,355.82
316,3,1,728.44
316,22,3,696.37
317,1,2,622.46
317,27,1,466.76
317,27,3,466.76
318,4,4,255.61
318,28,5,786.06
318,15,3,154.5
318,3,1,728.44
319,15,4,154.5
319,13,3,468.38
320,17,2,544.84
320,29,4,760.67
320,17,3,544.84
320,8,3,145.73
321,26,2,875.26
321,23,1,118.17
321,12,1,338.56
322,15,5,154.5
322,13,3,468.38
322,10,1,677.37
322,3,3,728.44
323,29,4,760.67
323,13,2,468.38
324,25,5,859.36
324,25,2,859.36
324,13,2,468.38
324,9,5,237.03
325,26,1,875.26
325,12,5,338.56
325,21,1,619.91
326,14,2,685.09
326,20,3,618.65
327,12,5,338.56
327,24,4,159.18
328,8,4,145.73
329,17,5,544.84
329,27,1,466.76
329,3,5,728.44
329,18,4,355.82
330,5,1,823.56
330,1,2,622.46
330,6,5,207.11
331,21,1,619.91
331,6,5,207.11
331,6,1,207.11
332,9,4,237.03
332,4,2,255.61
332,12,2,338.56
333,24,4,159.18
333,13,4,468.38
333,13,1,468.38
333,13,5,468.38
334,5,5,823.56
334,9,4,237.03
335,1,1,622.46
335,7,1,368.16
336,26,5,875.26
336,9,4,237.03
336,24,2,159.18
336,26,2,875.26
337,12,2,338.56
337,27,1,466.76
337,28,1,786.06
338,24,1,159.18
338,2,1,221.56
339,14,2,685.09
340,25,5,859.36
340,12,2,338.56
341,1,2,622.46
341,4,5,255.61
341,5,3,823.56
342,25,2,859.36
342,24,5,159.18
342,6,2,207.11
343,27,5,466.76
344,4,5,255.61
344,22,4,696.37
344,10,1,677.37
344,22,3,696.37
345,13,4,468.38
345,25,2,859.36
345,22,3,696.37
345,13,4,468.38
346,15,3,154.5
346,4,2,255.61
347,29,4,760.67
347,6,5,207.11
347,27,5,466.76
347,23,2,118.17
348,23,3,118.17
348,19,1,485.62
349,8,1,145.73
349,3,3,728.44
350,23,5,118.17
350,15,5,154.5
351,21,3,619.91
351,14,1,685.09
351,25,2,859.36
352,22,2,696.37
352,9,5,237.03
352,25,2,859.36
352,28,4,786.06
353,27,4,466.76
353,9,5,237.03
353,9,3,237.03
353,9,3,237.03
354,23,4,118.17
354,27,1,466.76
354,23,4,118.17
354,6,3,207.11
355,26,1,875.26
355,11,5,810.08
355,27,2,466.76
355,6,2,207.11
356,18,3,355.82
356,15,2,154.5
356,17,2,544.84
356,9,3,237.03
357,10,4,677.37
357,19,5,485.62
358,15,4,154.5
358,15,2,154.5
358,27,3,466.76
358,9,2,237.03
359,9,5,237.03
360,23,1,118.17
361,30,1,154.5
361,13,2,468.38
362,26,3,875.26
362,14,1,685.09
362,1,5,622.46
362,16,5,717.03
363,25,5,859.36
364,9,5,237.03
365,25,2,859.36
365,15,1,154.5
365,24,1,159.18
365,28,5,786.06
366,26,3,875.26
366,23,3,118.17
366,14,4,685.09
367,27,5,466.76
367,18,2,355.82
367,11,2,810.08
367,23,3,118.17
368,18,4,355.82
368,17,4,544.84
368,5,5,823.56
368,8,4,145.73
369,2,1,221.56
369,29,4,760.67
370,23,5,118.17
371,3,3,728.44
371,20,1,618.65
371,21,1,619.91
371,2,3,221.56
372,4,1,255.61
372,13,2,468.38
372,9,5,237.03
373,24,2,159.18
373,10,5,677.37
373,19,2,485.62
374,9,4,237.03
374,17,2,544.84
374,14,1,685.09
375,20,4,618.65
376,15,3,154.5
376,20,1,618.65
376,19,3,485.62
376,12,4,338.56
377,4,4,255.61
377,8,2,145.73
377,25,5,859.36
377,4,4,255.61
378,13,1,468.38
379,18,4,355.82
379,5,3,823.56
380,24,3,159.18
381,4,2,255.61
382,3,5,728.44
382,6,5,207.11
382,25,5,859.36
382,29,4,760.67
383,30,5,154.5
383,11,1,810.08
383,28,5,786.06
384,24,3,159.18
385,29,5,760.67
385,28,5,786.06
386,22,3,696.37
386,19,3,485.62
387,1,2,622.46
388,16,4,717.03
388,8,1,145.73
388,11,3,810.08
389,17,5,544.84
389,14,5,685.09
389,19,2,485.62
389,10,4,677.37
390,22,4,696.37
391,28,3,786.06
391,10,4,677.37
391,15,5,154.5
391,25,2,859.36
392,10,4,677.37
392,27,3,466.76
393,9,4,237.03
393,29,5,760.67
393,8,2,145.73
394,30,3,154.5
394,10,1,677.37
394,13,5,468.38
394,2,2,221.56
395,2,4,221.56
396,17,4,544.84
397,22,2,696.37
397,14,3,685.09
397,14,2,685.09
398,27,5,466.76
398,15,4,154.5
398,21,5,619.91
398,13,4,468.38
399,29,5,760.67
399,30,1,154.5
399,10,3,677.37
399,28,5,786.06
400,6,3,207.11
400,10,2,677.37
401,2,3,221.56
401,26,4,875.26
401,22,1,696.37
401,7,1,368.16
402,5,4,823.56
402,8,3,145.73
403,5,3,823.56
403,9,1,237.03
404,23,1,118.17
404,5,1,823.56
404,9,2,237.03
404,9,3,237.03
405,17,5,544.84
405,26,4,875.26
406,8,4,145.73
406,6,3,207.11
406,22,1,696.37
406,27,3,466.76
407,26,1,875.26
407,3,2,728.44
407,15,2,154.5
408,13,3,468.38
408,14,5,685.09
409,9,2,237.03
409,10,2,677.37
409,4,4,255.61
409,8,4,145.73
410,28,4,786.06
410,12,1,338.56
410,6,2,207.11
410,18,2,355.82
411,7,5,368.16
412,22,4,696.37
412,21,1,619.91
413,30,5,154.5
413,5,4,823.56
413,10,5,677.37
414,9,4,237.03
414,10,5,677.37
414,2,2,221.56
415,16,3,717.03
415,8,1,145.73
416,13,3,468.38
416,9,2,237.03
417,19,5,485.62
417,16,4,717.03
418,27,5,466.76
418,1,2,622.46
419,9,3,237.03
419,12,4,338.56
420,12,4,338.56
421,16,4,717.03
421,25,4,859.36
421,27,4,466.76
421,26,4,875.26
422,30,2,154.5
423,8,5,145.73
423,27,3,466.76
424,5,5,823.56
424,9,5,237.03
424,8,1,145.73
424,19,5,485.62
425,29,5,760.67
425,18,1,355.82
425,27,4,466.76
426,11,2,810.08
427,9,3,237.03
427,2,1,221.56
427,1,4,622.46
428,13,5,468.38
428,16,4,717.03
428,11,2,810.08
429,23,1,118.17
429,24,5,159.18
430,22,3,696.37
430,7,3,368.16
431,10,2,677.37
432,6,2,207.11
432,17,2,544.84
433,18,4,355.82
433,12,2,338.56
433,18,5,355.82
433,10,3,677.37
434,25,1,859.36
435,16,3,717.03
435,26,4,875.26
435,13,4,468.38
436,10,4,677.37
437,27,2,466.76
437,8,4,145.73
437,27,2,466.76
437,30,4,154.5
438,11,5,810.08
438,6,5,207.11
438,13,2,468.38
439,12,1,338.56
440,10,2,677.37
441,9,2,237.03
441,2,2,221.56
441,10,3,677.37
441,17,2,544.84
442,3,3,728.44
442,6,1,207.11
442,13,3,468.38
443,24,2,159.18
443,10,4,677.37
443,7,1,368.16
444,4,1,255.61
444,8,2,145.73
444,15,5,154.5
444,16,2,717.03
445,11,3,810.08
446,7,4,368.16
446,12,1,338.56
447,25,1,859.36
448,24,4,159.18
448,9,2,237.03
449,27,5,466.76
450,11,2,810.08
450,14,4,685.09
451,19,1,485.62
452,25,3,859.36
452,2,4,221.56
452,4,3,255.61
452,16,2,717.03
453,23,2,118.17
454,7,3,368.16
455,30,4,154.5
455,24,3,159.18
456,16,1,717.03
456,28,2,786.06
456,12,4,338.56
456,20,5,618.65
457,25,3,859.36
457,27,2,466.76
457,5,4,823.56
458,23,4,118.17
458,6,1,207.11
459,24,2,159.18
459,21,1,619.91
459,21,1,619.91
460,27,4,466.76
460,22,4,696.37
460,16,1,717.03
460,3,5,728.44
461,28,3,786.06
462,21,5,619.91
462,16,3,717.03
463,13,2,468.38
463,21,1,619.91
463,25,2,859.36
463,10,1,677.37
464,16,3,717.03
465,22,1,696.37
465,5,2,823.56
466,28,2,786.06
466,11,3,810.08
466,7,2,368.16
467,29,4,760.67
467,9,3,237.03
467,21,5,619.91
468,16,4,717.03
469,23,4,118.17
470,5,3,823.56
470,1,1,622.46
471,21,1,619.91
472,12,3,338.56
472,26,4,875.26
472,22,2,696.37
472,23,2,118.17
473,12,2,338.56
473,15,4,154.5
473,7,3,368.16
474,27,1,466.76
474,24,5,159.18
474,25,1,859.36
475,16,4,717.03
476,28,3,786.06
476,5,1,823.56
476,9,5,237.03
477,13,3,468.38
477,19,5,485.62
478,5,5,823.56
478,20,4,618.65
478,11,2,810.08
479,21,4,619.91
480,24,1,159.18
480,27,3,466.76
480,9,1,237.03
481,27,5,466.76
481,15,2,154.5
482,2,3,221.56
482,29,1,760.67
483,22,3,696.37
483,15,4,154.5
483,12,1,338.56
483,19,5,485.62
484,6,1,207.11
484,3,5,728.44
484,27,5,466.76
484,29,1,760.67
485,10,3,677.37
485,21,3,619.91
485,14,4,685.09
486,27,2,466.76
486,16,1,717.03
486,5,2,823.56
487,27,2,466.76
488,8,1,145.73
488,20,5,618.65
488,16,3,717.03
488,24,2,159.18
489,7,1,368.16
489,7,1,368.16
489,13,2,468.38
490,22,2,696.37
490,15,1,154.5
490,22,2,696.37
491,19,3,485.62
492,30,4,154.5
492,28,5,786.06
492,16,5,717.03
492,2,2,221.56
493,26,1,875.26
493,9,1,237.03
494,17,4,544.84
494,27,3,466.76
495,22,1,696.37
496,13,3,468.38
497,19,2,485.62
498,26,4,875.26
498,16,1,717.03
498,23,4,118.17
498,2,4,221.56
499,11,3,810.08
499,13,3,468.38
500,12,3,338.56
500,12,4,338.56
501,20,3,618.65
502,12,5,338.56
502,16,2,717.03
503,26,4,875.26
503,6,5,207.11
503,4,4,255.61
504,30,3,154.5
504,25,2,859.36
504,22,1,696.37
504,28,3,786.06
505,26,1,875.26
505,17,4,544.84
505,10,5,677.37
506,18,2,355.82
507,27,2,466.76
508,19,2,485.62
508,25,2,859.36
509,3,5,728.44
509,7,1,368.16
509,7,3,368.16
510,9,4,237.03
510,5,5,823.56
511,12,1,338.56
512,3,1,728.44
512,28,5,786.06
513,8,2,145.73
513,19,3,485.62
514,29,2,760.67
515,16,1,717.03
515,23,3,118.17
515,8,4,145.73
516,23,3,118.17
516,22,2,696.37
516,18,2,355.82
517,20,2,618.65
517,14,5,685.09
517,28,5,786.06
518,9,4,237.03
518,27,3,466.76
519,6,5,207.11
520,13,5,468.38
520,16,2,717.03
520,19,5,485.62
521,6,1,207.11
521,20,2,618.65
521,23,3,118.17
522,2,3,221.56
523,16,2,717.03
523,19,1,485.62
524,19,1,485.62
525,15,2,154.5
525,14,4,685.09
525,28,4,786.06
525,21,4,619.91
526,26,5,875.26
526,23,2,118.17
526,13,2,468.38
526,4,4,255.61
527,23,3,118.17
528,15,2,154.5
528,11,4,810.08
528,29,2,760.67
529,20,1,618.65
529,16,4,717.03
529,20,2,618.65
529,22,5,696.37
530,23,3,118.17
531,13,3,468.38
531,22,3,696.37
531,16,2,717.03
532,10,2,677.37
532,27,1,466.76
532,24,3,159.18
532,17,1,544.84
533,19,2,485.62
533,16,1,717.03
533,13,1,468.38
533,29,2,760.67
534,20,1,618.65
534,8,3,145.73
534,18,4,355.82
534,19,4,485.62
535,6,2,207.11
535,13,3,468.38
535,4,4,255.61
535,29,3,760.67
536,2,4,221.56
536,8,4,145.73
536,22,3,696.37
537,7,2,368.16
538,13,5,468.38
538,29,4,760.67
538,1,5,622.46
539,8,5,145.73
539,15,4,154.5
539,24,5,159.18
539,5,2,823.56
540,1,1,622.46
540,19,5,485.62
540,1,5,622.46
540,18,5,355.82
541,17,2,544.84
541,25,2,859.36
541,30,2,154.5
541,3,2,728.44
542,24,4,159.18
543,25,3,859.36
543,7,1,368.16
543,22,1,696.37
544,27,3,466.76
544,13,5,468.38
544,29,4,760.67
545,19,4,485.62
546,8,1,145.73
547,1,4,622.46
547,8,3,145.73
547,7,4,368.16
548,18,3,355.82
548,24,4,159.18
549,30,3,154.5
549,3,2,728.44
549,19,1,485.62
549,14,4,685.09
550,13,3,468.38
550,9,3,237.03
550,8,3,145.73
551,16,3,717.03
551,8,4,145.73
552,21,5,619.91
552,25,1,859.36
552,13,2,468.38
552,5,4,823.56
553,4,5,255.61
553,25,3,859.36
553,14,1,685.09
553,22,5,696.37
554,12,2,338.56
554,19,5,485.62
554,21,5,619.91
554,11,1,810.08
555,26,2,875.26
556,24,2,159.18
556,6,3,207.11
556,17,3,544.84
557,24,1,159.18
558,21,2,619.91
558,8,4,145.73
558,16,5,717.03
558,18,5,355.82
559,23,1,118.17
559,11,3,810.08
559,8,1,145.73
560,11,2,810.08
560,13,2,468.38
561,14,5,685.09
561,29,1,760.67
561,17,1,544.84
561,13,4,468.38
562,25,2,859.36
563,9,4,237.03
563,29,4,760.67
563,2,3,221.56
564,7,3,368.16
564,26,5,875.26
564,9,5,237.03
564,2,4,221.56
565,29,5,760.67
565,27,5,466.76
565,30,5,154.5
566,23,4,118.17
567,14,3,685.09
567,20,3,618.65
567,14,3,685.09
568,25,1,859.36
568,27,5,466.76
569,4,1,255.61
569,3,4,728.44
570,6,4,207.11
570,3,1,728.44
570,24,5,159.18
570,14,5,685.09
571,22,5,696.37
571,24,4,159.18
572,6,5,207.11
572,24,2,159.18
573,15,3,154.5
573,28,5,786.06
574,20,2,618.65
575,12,4,338.56
575,3,3,728.44
575,30,3,154.5
576,24,4,159.18
577,19,5,485.62
577,22,1,696.37
578,12,2,338.56
579,29,5,760.67
579,5,4,823.56
579,23,2,118.17
579,30,3,154.5
580,6,2,207.11
580,6,3,207.11
580,30,1,154.5
581,22,2,696.37
581,30,5,154.5
582,29,5,760.67
582,10,4,677.37
583,9,4,237.03
583,13,1,468.38
583,30,1,154.5
583,7,5,368.16
584,5,5,823.56
584,9,2,237.03
584,3,1,728.44
585,9,3,237.03
585,5,2,823.56
585,30,1,154.5
586,10,2,677.37
586,8,1,145.73
586,28,1,786.06
587,6,4,207.11
587,7,2,368.16
587,18,3,355.82
588,2,4,221.56
588,24,1,159.18
589,25,2,859.36
589,5,1,823.56
590,24,3,159.18
591,30,5,154.5
591,28,5,786.06
591,19,1,485.62
592,5,1,823.56
593,19,4,485.62
593,11,1,810.08
593,17,5,544.84
593,8,3,145.73
594,19,3,485.62
595,21,5,619.91
595,5,5,823.56
595,8,2,145.73
596,14,3,685.09
597,2,5,221.56
597,10,2,677.37
598,10,4,677.37
598,18,3,355.82
598,24,2,159.18
599,9,3,237.03
599,18,2,355.82
599,23,1,118.17
599,30,1,154.5
600,2,2,221.56
600,17,1,544.84
600,12,5,338.56
600,15,1,154.5
